title,company,location,url,date
Senior Software Engineer,Corsa,"Tel Aviv District, Israel (Hybrid)",https://www.linkedin.com/jobs/view/4409860605/?eBP=BUDGET_EXHAUSTED_JOB&refId=bMdnvL0yNyZOB2P%2B7GU1ZA%3D%3D&trackingId=xIjppdld%2BAB1bWDYXtXnSw%3D%3D&trk=flagship3_search_srp_jobs,05/04/2026
Digital Analyst,SiiRA,EMEA (Remote),https://www.linkedin.com/jobs/view/4409872879/?eBP=NOT_ELIGIBLE_FOR_CHARGING&refId=bMdnvL0yNyZOB2P%2B7GU1ZA%3D%3D&trackingId=lEIBRmQGKH6PwymY%2FPoA9w%3D%3D&trk=flagship3_search_srp_jobs,05/04/2026
HR Experience Specialist | Israel,Deel,EMEA (Remote),https://www.linkedin.com/jobs/view/4377931986/?eBP=NOT_ELIGIBLE_FOR_CHARGING&refId=bMdnvL0yNyZOB2P%2B7GU1ZA%3D%3D&trackingId=%2F%2F2COTgD0iOCBRAqxKamdQ%3D%3D&trk=flagship3_search_srp_jobs,05/04/2026
Engineering Manager - Web,Canonical,EMEA (Remote),https://www.linkedin.com/jobs/view/3398606510/?eBP=NOT_ELIGIBLE_FOR_CHARGING&refId=bMdnvL0yNyZOB2P%2B7GU1ZA%3D%3D&trackingId=mV7cL7mkf%2FPq7xOX2K4QLg%3D%3D&trk=flagship3_search_srp_jobs,05/04/2026
Penetration Tester,Cyberr®,EMEA (Remote),https://www.linkedin.com/jobs/view/4405735707/?eBP=NOT_ELIGIBLE_FOR_CHARGING&refId=bMdnvL0yNyZOB2P%2B7GU1ZA%3D%3D&trackingId=dDWCvUUoPzYMO6NsBfMP1g%3D%3D&trk=flagship3_search_srp_jobs,05/04/2026
MLOps Field Engineer,Canonical,EMEA (Remote),https://www.linkedin.com/jobs/view/4310162339/?eBP=NOT_ELIGIBLE_FOR_CHARGING&refId=bMdnvL0yNyZOB2P%2B7GU1ZA%3D%3D&trackingId=gUQEu2lDO3UPBwg5Km3sUw%3D%3D&trk=flagship3_search_srp_jobs,05/04/2026
Principal Software Engineer,Sportingtech,EMEA (Remote),https://www.linkedin.com/jobs/view/4407725137/?eBP=NOT_ELIGIBLE_FOR_CHARGING&refId=bMdnvL0yNyZOB2P%2B7GU1ZA%3D%3D&trackingId=NmM2OTwBoyl0iGguZT%2FmuQ%3D%3D&trk=flagship3_search_srp_jobs,05/04/2026
Join Eaton’s EMEA Service Talent Network!,Eaton,EMEA (Remote),https://www.linkedin.com/jobs/view/3839593205/?eBP=NOT_ELIGIBLE_FOR_CHARGING&refId=bMdnvL0yNyZOB2P%2B7GU1ZA%3D%3D&trackingId=cbmB3KA8OAfdQ3XVeKZS7g%3D%3D&trk=flagship3_search_srp_jobs,05/04/2026
Sales Development Representative (Italian Speaker),Canonical,EMEA (Remote),https://www.linkedin.com/jobs/view/3900794349/?eBP=NOT_ELIGIBLE_FOR_CHARGING&refId=bMdnvL0yNyZOB2P%2B7GU1ZA%3D%3D&trackingId=nPezg8FGMcjX2VXqotwY2Q%3D%3D&trk=flagship3_search_srp_jobs,05/04/2026
Revenue Accounting Manager,Canonical,EMEA (Remote),https://www.linkedin.com/jobs/view/3960938824/?eBP=NOT_ELIGIBLE_FOR_CHARGING&refId=bMdnvL0yNyZOB2P%2B7GU1ZA%3D%3D&trackingId=x7yFVWzFVdFuFNg0f1lI5g%3D%3D&trk=flagship3_search_srp_jobs,05/04/2026
Video Editor (Cinelerra),micro1,EMEA (Remote),https://www.linkedin.com/jobs/view/4410005602/?eBP=NOT_ELIGIBLE_FOR_CHARGING&refId=bMdnvL0yNyZOB2P%2B7GU1ZA%3D%3D&trackingId=MTWu9A2bxgA7ckPcnwAbtA%3D%3D&trk=flagship3_search_srp_jobs,05/04/2026
Account Executive (Spanish speaker),respond.io,EMEA (Remote),https://www.linkedin.com/jobs/view/4407651664/?eBP=NOT_ELIGIBLE_FOR_CHARGING&refId=bMdnvL0yNyZOB2P%2B7GU1ZA%3D%3D&trackingId=Ov5DRI8WCdLfobsbaFcwiw%3D%3D&trk=flagship3_search_srp_jobs,05/04/2026
Senior Product Marketing Manager,Canonical,EMEA (Remote),https://www.linkedin.com/jobs/view/3492589558/?eBP=NOT_ELIGIBLE_FOR_CHARGING&refId=bMdnvL0yNyZOB2P%2B7GU1ZA%3D%3D&trackingId=1DPEJKoQcEczcjI03o3O%2BQ%3D%3D&trk=flagship3_search_srp_jobs,05/04/2026
"Embedded IoT / Edge Solutions Sales Representative, Manager and Director",Canonical,EMEA (Remote),https://www.linkedin.com/jobs/view/4286642876/?eBP=NOT_ELIGIBLE_FOR_CHARGING&refId=bMdnvL0yNyZOB2P%2B7GU1ZA%3D%3D&trackingId=O%2BTaArs10ESWdqDNwVZZ9g%3D%3D&trk=flagship3_search_srp_jobs,05/04/2026
Account Executive,Snatch UP,"Tel Aviv District, Israel (Hybrid)",https://www.linkedin.com/jobs/view/4409861391/?eBP=NOT_ELIGIBLE_FOR_CHARGING&refId=bMdnvL0yNyZOB2P%2B7GU1ZA%3D%3D&trackingId=SiS1AXOA0gNlbfYnlkNidA%3D%3D&trk=flagship3_search_srp_jobs,05/04/2026
Fullstack Developer,micro1,MENA (Remote),https://www.linkedin.com/jobs/view/4409889744/?eBP=NOT_ELIGIBLE_FOR_CHARGING&refId=bMdnvL0yNyZOB2P%2B7GU1ZA%3D%3D&trackingId=coPGmk13LPXLg1%2FU%2Fg0AwQ%3D%3D&trk=flagship3_search_srp_jobs,05/04/2026
"Frontend Developer | AI-Augmented Development | React, Next.js, TypeScript",bid.,EMEA (Remote),https://www.linkedin.com/jobs/view/4408624896/?eBP=NOT_ELIGIBLE_FOR_CHARGING&refId=bMdnvL0yNyZOB2P%2B7GU1ZA%3D%3D&trackingId=BI7TXf8F8mHDnQWo6ec4ZA%3D%3D&trk=flagship3_search_srp_jobs,05/04/2026
Legal Counsel,Quantum Machines,"Tel Aviv-Yafo, Tel Aviv District, Israel (Hybrid)",https://www.linkedin.com/jobs/view/4408367780/?eBP=CwEAAAGd8fDGoeZzTXIRRyNJ4dfbnBRV1QY4CzMgwD5sP1Rb_-3mcjFEIDKfNSO7S0vt5ALL-23DXgRwgwap_5ptyOsrsK1B0rUkGIzpi4c-SrFiHTNy12AtCKoDbEgV5vvP0kzSrGKnmFI7wrdVjmL8rlrO7OxTcmttQ_sBtUpq2PXl2SmIsHd-_uEXaYoZW3V1yidXPSYhbEunkh0p_DWHBHpkFnnK_3Fv9cdCKhgSK3vupg-FK-aluY9frKfA8TWzClpyp3JMr9Ib8mcalDfwYUtare73dnwfXAoqrSL5KIUmL57hy-9SJYOmLQ1PspyFMOgTT2zE3hp4FkPiM9yaXXncivw8uHcPWS3EKl3rntBVfTVOyrg9PMSAlGXFTnI7ZpTyTVuJpiYJKkj6A02GUSbXXOqyUcSXpcS_Y3MzS-VwCRznv88SnoegKfSxw4ENt7WXC96BDkS-uQAnfkR_Fg&refId=bMdnvL0yNyZOB2P%2B7GU1ZA%3D%3D&trackingId=zEuRakHuawGqGS98YGSrEA%3D%3D&trk=flagship3_search_srp_jobs,05/04/2026
Quality Assurance Automation Engineer,מרטנס | Mertens – מקבוצת מלם תים,"Center District, Israel (On-site)",https://www.linkedin.com/jobs/view/4408384316/?eBP=CwEAAAGd8fDGoWkRo0t55maotPuHNEjy9yfv9kMXo8YjlqtLo7OqXeX_GlsO1xcknwoIgI-28DUoZUo8WGldlxL0v4a6-ewQeqRJI2b-MRfCDnQhr-FVTbHTLunOTb6JFksWLTm9wEMs2DfJprJxz0DrJIZ2_HC1cqqoF-npgEc2gc0FcAZ3Q-Ho3j6HxepMquMvQfJtl5ZhW-mQj2khWKCqVKP3RM2pNGqsRqw0NIzK2XoIQ7rheNQoUPJTu3UEWmncPPhvj53cf8ND7WChA61vvXZdvy0BQzK6enqeaDMuDnR5Hpqt6kv6YtkLsF2GiEFGbQsPuVf_1cb_vYN3A5ChZoQYKtq2H-G3PJX57z7zDLGxMIR8aiAQAiEbHwdbHDluoEeoIuWwocLJXvwSEZJZm7IqDsHntGGKej3FJWNmY9_GAWanDDbXfOz8sA5sh_oGOHgof5Raq9vhRArWB9ziag&refId=bMdnvL0yNyZOB2P%2B7GU1ZA%3D%3D&trackingId=jM5YTlat5vKE4L%2F872Nx%2BA%3D%3D&trk=flagship3_search_srp_jobs,05/04/2026
Big Data Engineer,Gotfriends,"Center District, Israel (Hybrid)",https://www.linkedin.com/jobs/view/4407299969/?eBP=CwEAAAGd8fDGoTe7yYaWLw9hmkKMtjiJ2uI7-fU_Ut1UsybEijLmBb71syumUSN0hpPp1fJiuyWNYj3OoxF08SWVC1qjpcPPwSwKz3xhZkXLW8XQZj2OPOawj2nzJRPUbeO_HRfz4b31mUEJ6gILQY8FCVzgNsaD96N8bus9HZ_gJQ3PI_600SUGGc3kdCvo57zkUuplVrsV3hiQj4GSgoTSDhSTbCTQIxChThTmBQ6WaryAnI4k4zR6g_o7Kjxtj9LycEKllhbk5VKkfXxh1Aslpio0dDJqfAjEIeFkSTNNr95VDMsNrzKzWwdnN8MMeC6amNZtQQXENeG7NCPlh4qwImiRe9eub-htfAEX_HdXt8mhM64nUvxUOlv3HypBIMRl6947Ue2BNK38ZtZ5tWaztkvAo_487RxrczoC1R3CSMCCFpk77eLiOPUFBah9VKKXBWvHLQawWKw-KTuKOyuKjA&refId=bMdnvL0yNyZOB2P%2B7GU1ZA%3D%3D&trackingId=k9%2BrvvI9S1FTpBq5noKhOQ%3D%3D&trk=flagship3_search_srp_jobs,05/04/2026
Full Stack Engineer,Gotfriends,"Tel Aviv District, Israel (Hybrid)",https://www.linkedin.com/jobs/view/4407296908/?eBP=CwEAAAGd8fDGobDVD6KF6b37uA6JvBFzgGmS_wzdDauhcrOi6u6v7bLSAjt6bbJI9trftowe_XJ8N7R9KpZK3aI0jK7vqtkTC99UYIjBD2XZ6sGB-lHNLdMGxNtYgYJzws5K96LOAZgVmLxwBqgVwWXf0Pk1qyf6wjhIxkm2nvP0Q_ABAkPeeremeC-Ir1_Y_b3TPvZ01SjUctCXutFZK7ox61Uql8GgiAcKL9stA1GhxcU2sTC-1GKywJq2MTTQndiuxrJzYwRzJmYs40eRQnI-UjPB3xXkn47kyyynXThDH1B2VfBvw8Vj11-urnl0_IcRKLMfnhqSMJO2GmniDqpI67lsZvjsjYdfMnTCQ2_7lEZePsqw45YLQnVeizUKfxgh-d_I8BLfPO2q9FlZEqiuwOLX3qhH-PUOX9foxYqkNgSu8k1V67VVRpeU8iaacVXhsv8t8z-DxpsnOfcfaANG5w&refId=bMdnvL0yNyZOB2P%2B7GU1ZA%3D%3D&trackingId=urX4OAA1hrhwSL%2FNTGjbYQ%3D%3D&trk=flagship3_search_srp_jobs,05/04/2026
Full Stack Engineer,Confidential Careers,"Tel Aviv District, Israel (Hybrid)",https://www.linkedin.com/jobs/view/4402883786/?eBP=CwEAAAGd8fDGofHtZIrH73TZtG6PJwpmMVhRC7YExGPOFVgwoA99ioK_ve-13NJu8c98wE9t0EpHWkh6g0FY3Jt2cwlBU7igCT3wk-EyqPZcSBsLXpvPD9LTWxgEypqXlo4rVIO-yLxh_6DXvr8ZLD_IzpgwH9wKTplXE1blUl8CNrWxv0aqKw8MlxGSGn_SoTAuVBp1C46fb7I8BXCKbzmTtmxZ1fp4kNYizq97bViKHkyocdZ1GAh1A_1sg0tKxp2o92jgh2surZw4cTsfOlPCxCnB6OQ9NGBH873B-tDWO7eHEI_uQhsZA8IoCanFXDltzOuOk8xIK5dKyYSiqoMq_EUwKEZehZLyz3cw0hA33MeAyORdmiOKC0MOqDXvdrM2gFdDqLUaa-d1mIxsASOZjbS2s9u-zO7ZOL9BPMbSr_zu_Q30BvTR8Tqv8uw4kJgr2gabjXuTP3cAr7Rqx3GROQ&refId=bMdnvL0yNyZOB2P%2B7GU1ZA%3D%3D&trackingId=rO8s80durigy3KClRANkAQ%3D%3D&trk=flagship3_search_srp_jobs,05/04/2026
Director of Finance,Pacaya HR Experts,"Center District, Israel (On-site)",https://www.linkedin.com/jobs/view/4408385050/?eBP=CwEAAAGd8fDGoTdN1lqmJ20uCs2jlmTu16j99dyGuPyjg7-ImrOq2nOet8zJ0P2Nwo7s4oNvHoGnkp83B6epvshgI6ImZgWyRaC9vtcPflNa3d-kCPS4Q9L9TTSDsccNfgFystxWhzTqBC5E7VhklQJJW1kGPUJoMQxG5-5IHvbutwLMEd9MYZn6Ik5Ul5aNiaH38SvQK7S-9BBAAmBA_-LIHZ7LB7r2ZV8VY-TYfYtJ9pe8io1i-VaZeSeTF457N-mioTWNafedtv4t8R0yv-n3CriG-lHOFBwpmLAtHo2NRTvIp5UmOQLQWypj9X7reAnYwrD6xCbeH0rg9G5BCs5MXpJpu9yxglOo0cMc1oefRh4ISEJFcBjIapy7JApjFHyAdNiWpz6FS4sT2q7_WGrpjtRWVW-S6ZJTWysZKHMDRGzs6x1OZrwBa9477xrAeXyXC2frsv9CQ_-geyISA-jkiw&refId=bMdnvL0yNyZOB2P%2B7GU1ZA%3D%3D&trackingId=gt%2BLj9YOSGEQ4GpTMJI4fA%3D%3D&trk=flagship3_search_srp_jobs,05/04/2026
Back End Developer,Startup Stealth Generative AI,"Herzliya, Tel Aviv District, Israel (On-site)",https://www.linkedin.com/jobs/view/4407719745/?eBP=BUDGET_EXHAUSTED_JOB&refId=bMdnvL0yNyZOB2P%2B7GU1ZA%3D%3D&trackingId=Con2wVMLgt5IVKSQXSMyZw%3D%3D&trk=flagship3_search_srp_jobs,05/04/2026
Sr Principal Engineer Software (Cortex Cloud),Palo Alto Networks,"Tel Aviv-Yafo, Tel Aviv District, Israel (On-site)",https://www.linkedin.com/jobs/view/4399367931/?eBP=CwEAAAGd8fDGof_mPy81guOGX9ke_jFizcmsg2ka4iDrvX7Y0xFE1Ua-JCZYTgdSRDstftsdGpznq1spnGfKjjIX0tUFNRbacDa1bAwsBsO7IPCIjTd3b9XRbPsvmVZpsrFy-ohxE9SdYYZPdKeagncUS7ELltwWXxZIUuAcaSzKD0z70Gwaks8K62y5heZr05NghOGIonqWpuC6dRq1sUIh8FIfF2159KX_dImn6OyIvLxQXieh4iux6tY_09i4EtxO-FxgxgQXxFvxGl_WlVdcnt51galDRnaTLI9FQOm0P4Oj8me6w08JPPymJiQF9dv8E0GF6nMulPdHiq5LwUFpp4B6vHy_jWCoKogigR1MBVctVE5rPtR5e0bd4PwRLJpmj-p91JfanDePYGjsdGSkCN9uBaq9xfDcMvldKInb1A82dwupPRAaKFAhwozt&refId=bMdnvL0yNyZOB2P%2B7GU1ZA%3D%3D&trackingId=ue72WODjoIvRnXTzBhFF5Q%3D%3D&trk=flagship3_search_srp_jobs,05/04/2026
AI Writing Evaluator (Remote),Quik Hire Staffing,Israel (Remote),https://www.linkedin.com/jobs/view/4410005556/?eBP=CwEAAAGd8fDPgBRqIO9J9JO-fYXv5tIcNFUaHX91uGTW7z9j8hwtiRMJqjnPgTcbsk6m8ue7vwyiKqQbuEedH_Mm-acahOThxer4ktFVSioo37zAMwL9qwDPZvdYsnjV6jSkBVE-1f65jdmitgiOYg3uIwr5Lxlftsoa1VBzgU5SKQ8wT7_KbhLG-nq8a5ykHhamVNT_B_z1RZPhVJa89sfqfKBtHwyWWINNIKSk8d91ObndRW9yAkp7GMK8dPvWk84VyF9po5uzxuBleUTBepFHcW_Kq7D7b9VFW0z-nJp9O9vdt_JALGe1mw29H-d9pO_Wt6SmShYKLjisw8bxNLv2ZZ43NKe75b_-3_g9O3dKdS0i2-nefxedjnoyrZfCXhNhahzLWlZcLKl1mGY9nryDzLpQYrOvboBQKpYOTP7YwYVUarKUx0eLX5gUlfp5pabznWvRYotd_dpKYfMk9hAQbSCJjExpCH6qxbhSDIJNTw&refId=VaO2WP9NznM4ZHK5g8TFnA%3D%3D&trackingId=n9rrulPbnEArvSo15wvjqg%3D%3D&trk=flagship3_search_srp_jobs,05/04/2026
תומך/ תומכת טכני מומחה/ית תחנות קצה (VDI & Endpoints),Genie,"Tel Aviv District, Israel (On-site)",https://www.linkedin.com/jobs/view/4409891861/?eBP=CwEAAAGd8fDPgLtPJcfkC8MOuvmouMyP2fRYzAxc5Dc4UNO6-VLllimD2zenlQ6fjW2CtaTAMApg0qYtqpepTbe_FJ5r7L4vLTJ-7XJ0kJoMR0wOezBU7lxSjMa0MLNa2RblM_tzmqFdlo6DsWCAS6MKDaaYha60exuHAUo9oy3S7THm1Qo8beFLZFgVwW9CxEZutoTstUwIk04vpC3GQFnYmkOeAlcUhxDMJZD4ATKQtcerH--goAyQtvrEGRD4SQJV5bMAIrlPtAICEPuotN03Z3ZZlesXsW05WazyIj1I73ashRtPVNyizIG-ShjnPiObIim4-OA4BckCcdXD9VL53JxEz6ODzdgcd20mvxcy1hjhKss5LZPNogTfn93dEy967r5-MfRg24criUGnfdSu5y1Sr6_cc-s87JSw1fYYHdlZIyKbgln1Jfeu4SErkIuldNT_Qn3MQAlhX4KOmk00o4ZihYbYQXTfTexCQbqvID9G0drSNEPw9LiP&refId=VaO2WP9NznM4ZHK5g8TFnA%3D%3D&trackingId=phpYmHqWwczPhnqCKyuGOA%3D%3D&trk=flagship3_search_srp_jobs,05/04/2026
BI Systems Analyst,Nogamy,"Center District, Israel (Hybrid)",https://www.linkedin.com/jobs/view/4410012109/?eBP=CwEAAAGd8fDPgFx8nD-ya9AZ22wYhYIFLKjo4-cORlV_P7oPz-lSWmwgmTyr-lqndDCMFdsgvl3O_GaXmzakyg7ZxI_obyP5LSRkRygo3YELAYNnLpRtmnjKkmpooRBev4bpd5ksZkjFzzNRjMy3OtjIy27zuRxe9bhkWi2DDDIoXDk8g_0qkEd2bfXiCRwxaFiybK0OZSc1kPk-z7ol_N02ESYVJmT7sCNwhbVtxifdcAGzR4nrwUZ1M0UYuUDZjjjJ0ppyhb5DnP0x48f-ir9aBczJ3txPYdwhYZ2w_1FD_goYSsxkm_WOY2aHlVLUcSWciSJYB7WmAKA3SdWFH6JxcuiPzuDSpVo5lhwPC0wNxQRHetRk-sTp-euE1-tBP21Kmknlfb09yUrZprUX6MX_7pMH9DePsk-sRtYwiYxPDrcYfZ9y9kCunTq7Dkobjr-qdy15aJnZW0MIJGuTWHtpys6rp9YAVHc&refId=VaO2WP9NznM4ZHK5g8TFnA%3D%3D&trackingId=AV8z8wd2bkobOEgt0T768A%3D%3D&trk=flagship3_search_srp_jobs,05/04/2026
Digital Systems Analyst,מרטנס | Mertens – מקבוצת מלם תים,"Center District, Israel (On-site)",https://www.linkedin.com/jobs/view/4408380405/?eBP=CwEAAAGd8fDPgIJkLcaxDpSg8G9I5-0PigQW8o5Np4rPjpzZ4LRZYHz2wrFruuT0-ug61gnw65hHJAXEzKgPz1jP1wSHWi9jFBb1x-BL55NsmVP7K0wN332FSPDxo12DCz_GMMVh9coU0-Xc5MtsWiZ8-1Fkv-GmzbdT44SHB-fRDTmDvt-7sVi61s08kFcOSvuw0MzUEld_pCmnHiaHwkKIYDL1AdScdAmH9MpXbjKp6l6YRhe1rtWuqBcbB760Im_ur4y2TAUtl6Wx1jb4XubnIytC9y4JKjPx_tMMmxuB6PpPHNJvphgetyhhXDExSsP9sIweIN9uI9_cG735yeogoH2vStWx-eyajjMNfh8jxvVO8S2Zul5Xb-ZTIjkmvxgKTnJ57T89xBtkN69rJFdQUU9OC9CJsrI-wya80aTT7F6bQn8UJt_O3Wc6fOrKKhGN8fD7tKk&refId=VaO2WP9NznM4ZHK5g8TFnA%3D%3D&trackingId=BZ%2BHGhWSb93RpOTiAyk4pg%3D%3D&trk=flagship3_search_srp_jobs,05/04/2026
מהנדס/ת איכות תהליכים,IAI - Israel Aerospace Industries,"Yehud Monosson, Center District, Israel (On-site)",https://www.linkedin.com/jobs/view/4398789604/?eBP=CwEAAAGd8fDPgMza2hx8P5udnNYrhU3AO5_r75gsMWPZuk8eKsgEt9t6MIvUc-TM1gt6VesyKV2VOFXzvYaKVY6aJRZESaCkfnN0LOxyC2ambRhN5vWk_mQ0S3f2MpGtiMI873q5VRPQihNmYz54XzV3trkOGXkQ8WNC_VcFhmRfsjlDOe00K3W0gmaskhAIqgtTw9firUcPPXqIx2ABEBpiVipjpQUNQS4SAa2QtFb-q7F2xBFgB0eHOPgDqodGe8OIyH950-QGaLNqu7jMey-a0drk7QjthZ7bmh-Ek-UXfGP_3RQ1Adqbm4q5gjBi43ptBJsioNLm6q7TG4bcpH0HgafqD4DHC2UJFs8YOlSKKRttLW2WSmrhnKn_6PN1Zn_L6y1rCulZ83PTO4pjaMFkKNJwbe-j8JdeBCWpJzJ7rzcVz4UIz9fKANGBsde0rSYWZ9I7rZoFQPrAOfhFp5oxZSIIsZ5ZujyAtSWC5Dc&refId=VaO2WP9NznM4ZHK5g8TFnA%3D%3D&trackingId=N47Lq26llhea5aQhCE3J2g%3D%3D&trk=flagship3_search_srp_jobs,05/04/2026
Head of Data,Confidential,"Center District, Israel (On-site)",https://www.linkedin.com/jobs/view/4407747309/?eBP=CwEAAAGd8fDPgLGAx7PPf3_siSCsDiDWpnjbgoo9irCZTP8OJdCV2oLcXlsV1076j9Fye7VT6kzYyEZOwwAJe3Sw5rOkN0LgxvWSoFoCsTONScwDY_burHDWaqoqcx5qcKCjo59EghRdULDPzO93bCAFNOqHHyE2fFE4OnfWsdzr4a-W5a7j_pElHPOuDtMcldASerXJfKyg2bLRUVML-NSRHYfTwnZzuwsGHkz4j0zdqVvgg1rsWEoOg3I3B-F9iSLybbeURA2f5k-14H0uNjkvzVOx1PX7_VSoKTMnD-YMXkeXf6T-LnTLfu0SLIkR6g4VPve0NY58dtK-Iuva8zs8dtH7QfdGaNRpmr6R5XF7xTCxS0L2b6SkYkXRayBSMTeyeiJ3dLUOcqSAZjz8rNGM-wCZA4ygGR5aukEmgB5WlPPgG7y6_lkBJLAuGNtMLB2D8V-X4QD1c7LRytLLJ-rsi_vP_qJlFcvC3E3CUIyv-Q&refId=VaO2WP9NznM4ZHK5g8TFnA%3D%3D&trackingId=OIlAFXscm3UGC6CfQzEkPQ%3D%3D&trk=flagship3_search_srp_jobs,05/04/2026
Technical Product Owner,Elbit Systems Israel,"Ramat Gan, Tel Aviv District, Israel (On-site)",https://www.linkedin.com/jobs/view/4407711579/?eBP=CwEAAAGd8fDPgJRH2axo2xWCZlkq7SSIy4N2HrpqKdYNKbODYdgH4_TzlFV0Yg1J7g6_gtbRv8-hEzDLuR9Cp9hg2YJj6yvqOHgFDsplUpUo0ErojdVZdYpDeE6MJc8BdX4lVQYc86JStckTvBP66hfglwWWkXGKIlols8c7RDU3i6A68u0i7Oam80Oo89I2IYp6ooG0Htm03eWtF4-vUbKKltlq0Lke29diXqAreeM9o9Eww7x86FnH-59PvcaYSeYN4g0hguUxuLYo0vVh7Q0PT0W08-6rsVcF0SdcLqRExKJVat6KXZ2SNIrYRewQ_EbM1l3bRUyGJnxvIUS8x_1zCEkr_oIFe0cguz7-oeNC15SvQuYaVjtDwcwTkFxzO9oDRouoOOQ0Xrf3ZsxXkRz24Ls_tu7npqWyC0D2udY2PDHdstsKAsPx8o3ZkHP9dWHcAPTb6_Abmq2Vb30K3_sOVSHqfVEtKCkTJZ3Z&refId=VaO2WP9NznM4ZHK5g8TFnA%3D%3D&trackingId=J7OJF5sE5qxzY87avvPxyg%3D%3D&trk=flagship3_search_srp_jobs,05/04/2026
"Inbound Sales Representative, SME & Growth",Airwallex,"Tel Aviv-Yafo, Tel Aviv District, Israel (Hybrid)",https://www.linkedin.com/jobs/view/4360587258/?eBP=CwEAAAGd8fDPgDJIfRaZ8VDjQoWgGMRYMRlIaq4rFQI0_gSKflcsMLgBPN616UawcWN3bQvaWaifUKPcsxAqdjIdF0oMPdQOPTfjsrFgICsvPvzxzEA-H0yT5Qsnuys8bSyklEy7EWP22HjB9uZWS_a8_VaA0FjBuTjkAb2GuzrYHGmTG60XDpfED915sifwRfRo5YSI0hSedaFPNVaKz3lqg-4i7p0kpaMgFwF1k3Dks_l9-vlhYZiM4_Shh24abbG7eWcFCgdmGGh53lVidI6hsSYXFRiyyHwturW-3Bs2FBXdmRkEJ3KsUra7-33LI_uMGLCyHXRVUr8ifRrJkcjqrOfs7rnB95ad92riICTJSWlUNf8dxU7TwRGrXbGayAoAz8ZZrtOtKrOH-gLBD_4Z-oWMmxEOUloDGvGVTLCUfrH8L4ZIt-yZgTCv5zQZ9wFHTvsVN8iBidNYHlziBhao4_V_UIT1KWMGGZMr&refId=VaO2WP9NznM4ZHK5g8TFnA%3D%3D&trackingId=%2BewAKwS%2F8uLI%2B3B%2BlfI5ew%3D%3D&trk=flagship3_search_srp_jobs,05/04/2026
Organization & Methods Engineer,Confidential Careers,"Haifa, Haifa District, Israel (Hybrid)",https://www.linkedin.com/jobs/view/4407749032/?eBP=CwEAAAGd8fDPgOWbZSxizskhYFf3jIjysfUygJ6xmK0HW_9q8Sjbtns2p6pLdClYq2hfqC7a9mDYPegnbv7VhfboO2IQOaFr2wKWPHx4HhOZeUYx3ogSATMlXVzXIciAI7jBJZNvZmz3gRbtTwbGkDO_U8jhZR0RtdR8IkiUIzbj0Ck_ToZh-JkX-wTatGKBxna92KNgBZH3ERFl8rKLa4HEJHIIOABjFXUnWET2WFoaXOp8jU_cFRbO4ipdOJ4x_oPdFAoj2KZ9GCr3_VIrUfZw7v-7a-UA3lesHVf8XXmhXqmGQZPEVmyIc84tIGfSlFM5ntaM01zHtS6Bp7W4eJGUb89sZtxaHFhJmqrFUJvsEIwaUwN2MjFG7mAoAoLpDlslK6GqIk8JvFzBbRdp0dw7SkvOSZv-UCQklao8ZEMZ-nOf7UDmDKG08undhBwSz0XDbsfvvxsad-c6RfSVS9x4iWqXtgiUbcoQk_PG&refId=VaO2WP9NznM4ZHK5g8TFnA%3D%3D&trackingId=romMCw7opBCUBuwWfmRWNQ%3D%3D&trk=flagship3_search_srp_jobs,05/04/2026
דרוש-ה מוביל-ה לתחום ה- AI עבור לקוח גדול ומוביל של Ey בצפון,EY,"Tel Aviv-Yafo, Tel Aviv District, Israel (On-site)",https://www.linkedin.com/jobs/view/4407725240/?eBP=CwEAAAGd8fDPgHhl19A5FOCq8Bvb-RSoPGtnljF17y23-Qm9KWE-cWiVB88o-BxemHn2IOhGHKGlkxFo9xV3RdzoUKKvIUXt1EWwBeeQCCN7QSxhL9srDZTKnIzkI3RF6rRhrZmnjgFm025-3vLPhxC9Fsp-VHEFuSQBmB0yiD8N-57IpnhVesraDQRRAfo_e7vF4EwQxYKn_8r9cPTRHibprE85KOP0jzoXP8n8rf83zxqNZ4HaWtA85rU_4i7CEpg2vYhXGZ-P4wbJkeY05pMhMwKNS5CY1nUig4UgupBOvIp3tx-zX2PT-BrsyvWS2HKFtoJ9qJLzrzdJgG8BeMOrBQ_yGANRAoSJe923HDAiamTCu88XehgICVQrEXGVy-gmCpIERTxE-ByFXgK_H_py4w5Iz8NEf3tmFao07j6D0pmHx9LTot3qmlozGnVaJkp6ztAS0bB5G7cDXOimse5dcXQxKOpxhhlgdhpQWAk&refId=VaO2WP9NznM4ZHK5g8TFnA%3D%3D&trackingId=CsflDQ9uhXAlZPmEWC1ZVg%3D%3D&trk=flagship3_search_srp_jobs,05/04/2026
Identity & Access Management (IAM) Administrator,Cyera,"Tel Aviv District, Israel (Hybrid)",https://www.linkedin.com/jobs/view/4409864265/?eBP=CwEAAAGd8fDPgOAmGHBGt3fO7OTiOVN2xeUXzQroVtdAClT76nP3gN5tqXXsVR1Lhmt_af_BMrjCNUbjRkEf_FbJ1Xh9B-MhUoSQAF_pQ4iW4EqfCYXTN50Pa9FLkW0rpE8aZEndZ2sosl33LcEDrt9rBKQsr3pUO3hT3xDuieLgpzskfBXa7jocNC1AgCJU9lR8I7Iw-hd2QqV_hvSj8GbV4osL7FPVBXiKFA9ncSmc7WWMquC1QbTNBuzyFJJgpMF99abm69x77lC1q8VVr9VlliBw__kRotuPcOLA0eGiTIK3Xsh-Q9HQjqfZYEgoTObvCaELnVfxpgXZ2jnKxu6bL2te3RgkAhyboxK1VcaZ5pQq0MIlUAKuUus7h06B7VFBijjp7NElHtLeL9Acpn8BT45gAq8pHZYeZjXEFsIfA1jTokaH8YGXvhr4oeslnltHfHniVsz8PpWxfdL-PiHJ_gnQxNpgqMfvkzl-&refId=VaO2WP9NznM4ZHK5g8TFnA%3D%3D&trackingId=Kvfl0ORONcElgteqU%2FKqTw%3D%3D&trk=flagship3_search_srp_jobs,05/04/2026
Website Manger,JobTestPrep,"Ramat Gan, Tel Aviv District, Israel (Remote)",https://www.linkedin.com/jobs/view/4407709224/?eBP=CwEAAAGd8fDPgC1W2m__NoCyZo-_HUUkof2oVs6pc7ECP0ItS-rFUgLl1ru7jhQhY5tZ2WXJaZ1uZQUsHg9FbXfJG49U-6UWaOsm477MaE3XrJSBY9r4nLGURCADQBgJhEZndGlSCr-lAGkfwBiXirXdx5APUV-AeJTyIp6SDdgLjvcQEaRYliEzVYP4i3lukDbBNyrM9nFc_Tq5U0QpFdlpWI7niy-R3KXr19YpwyJH1ZVBSJN9ENE9lkydn_tupV5kTUpuB2GXGpH5VGypK6QaH6hO5oRO2E2baeE3ToSL55TAzxqY8FksN_tMTckT17g1TzXBIsGISohkbQuHXtzW03E3SvPTVS13oMWgq9s8Cfy3Jb1k_X5WsEOI3J66UMggh4JmXvFAWLPgd3cI66Rvj7Kp4HfgBhRY47x32jrVY72d57hKEEiiTXhlpOtlKqVZYbhIphAnGyzk1BU3dckth-tv3j0mcqvxwRNjSmjS6p53HO8AfOo30Wjmpb5-z2FOENWF&refId=VaO2WP9NznM4ZHK5g8TFnA%3D%3D&trackingId=hy5%2BImfNbBnSNpu4o%2FXfcg%3D%3D&trk=flagship3_search_srp_jobs,05/04/2026
Technical Writer,Unframe,"Tel Aviv-Yafo, Tel Aviv District, Israel (On-site)",https://www.linkedin.com/jobs/view/4409843627/?eBP=NOT_ELIGIBLE_FOR_CHARGING&refId=VaO2WP9NznM4ZHK5g8TFnA%3D%3D&trackingId=vAJQxysENPeyJWDz5EPvIQ%3D%3D&trk=flagship3_search_srp_jobs,05/04/2026
Funded traineeship for young graduates at the EU Delegation to Israel/Cooperation Section to the EU Delegation to Israel - Cooperation Section,EUBAM Libya,Israel (On-site),https://www.linkedin.com/jobs/view/4409898036/?eBP=NOT_ELIGIBLE_FOR_CHARGING&refId=VaO2WP9NznM4ZHK5g8TFnA%3D%3D&trackingId=7plGFpQ0rZt9s8rOR%2BDXmA%3D%3D&trk=flagship3_search_srp_jobs,05/04/2026
AI Engineer,Gotfriends,"Tel Aviv District, Israel (Hybrid)",https://www.linkedin.com/jobs/view/4407700842/?eBP=CwEAAAGd8fDPgMy4BHj9F2PDV7vuSfiJo3MG0QYxZOFR_bHqJgbp9ZYxZD02H7Qvja4Gvk7XNWugY8xX_e7-TgdG0B6Fk7HPqnnKGVJ2GjZYVnkicg1AhMyGUPBPCiPs1-Qq-PLdjbTqWMd3SesZ56aul2g1XZ4ganUomtmdgONntWkTh8V6jP9s_i3F1bhI672y6ZkUJiFA5qnEFRDk-reyycHacH1Racgho-49I0XdRGT02ys-K40plpkff4uqjuLK9DKMjhaD3TGepR_4XkGMAtEGcFKGB60chRlCNwvb06zUeF_PgqzSWNOG3iSMv55sdcp5clbB9MNZOaNcJKpSjrHpsaSdr334bHHxHu1qns7FJ-WfEdMPnfzhVzgqnftkkYXA5mxKQa6GRCYej6Zz8tqPvgp8WkrXdOnTNTDKu1DskaogZEKgCwrjMgm8xoQ3ZvF8zqi4e3tXfu1oy5BAsQU6EzoA8Dke0HZv&refId=VaO2WP9NznM4ZHK5g8TFnA%3D%3D&trackingId=MgW%2FbikPWYBELTfLs32reA%3D%3D&trk=flagship3_search_srp_jobs,05/04/2026
Payments Operator,Plus500™,"Haifa District, Israel (On-site)",https://www.linkedin.com/jobs/view/4407732550/?eBP=CwEAAAGd8fDPgEYsJ_Ixa_mpuNUGR_APFdg84Q3bhEpPgnHTLZx0HcnBXE2Lqc75XoXE-LsvxwwNiPG-K1GQqf4MhzorPRvtwptQ49gclWBM6M-jwZVbz7EIz1sbIVrXNgDKFFB2_LpPi1Bavnb76YqR5dEyGcuT7NaZXPGPwIFXP9Y29quSaWg3OMFcvLpkm0Hu3LOUeVMXYaW8dsn9zy9nn00neIT8QHR74FaLuynxyslUIBywqsyT5YNua4o5K8Qn-TYTyrqlDFQMVSDfsLKQ6dZIojXjUJjnsRDYACnp-1fyenhuPfdPLUxXWuItXvSddNZsrhml0-J3f0VpFlIgIe5X0vxlwB977LhbE6RQ86oMXfbbRN2LAtfKnU4IJ-yxJxuFuljLjPtWksXrXlhDJ6T-OS8bh8Jyu7jqpF4vLNCyKXcQLX49FXvTv-J7SembT7WO3I40IJxoOm4lLioSOTXvc71tvzPpJo2ypJU&refId=VaO2WP9NznM4ZHK5g8TFnA%3D%3D&trackingId=0fuDb2snigGyudxXt0HPtw%3D%3D&trk=flagship3_search_srp_jobs,05/04/2026
"VP Total Rewards, HRIS, People Analytics & Chief of Staff",Cloudinary,"Petah Tikva, Center District, Israel (Hybrid)",https://www.linkedin.com/jobs/view/4408381633/?eBP=NOT_ELIGIBLE_FOR_CHARGING&refId=VaO2WP9NznM4ZHK5g8TFnA%3D%3D&trackingId=2I%2F4N1WpwVjYWTsWBGjVoA%3D%3D&trk=flagship3_search_srp_jobs,05/04/2026
"Staff Product Operations Manager, FinTech - EMEA",Deel,EMEA (Remote),https://www.linkedin.com/jobs/view/4388537608/?eBP=NOT_ELIGIBLE_FOR_CHARGING&refId=VaO2WP9NznM4ZHK5g8TFnA%3D%3D&trackingId=tiqS%2FmZua9FnHoFPdMtbDA%3D%3D&trk=flagship3_search_srp_jobs,05/04/2026
TENDER COORDINTOR,WAXMAN GROUP,"Bnei Brak, Tel Aviv District, Israel (On-site)",https://www.linkedin.com/jobs/view/4409877754/?eBP=NOT_ELIGIBLE_FOR_CHARGING&refId=VaO2WP9NznM4ZHK5g8TFnA%3D%3D&trackingId=gDMazG9GoF2o9wifeHd1ug%3D%3D&trk=flagship3_search_srp_jobs,05/04/2026
Applied AI Researcher— Sovereign AI Research,Dream,"Tel Aviv-Yafo, Tel Aviv District, Israel (Hybrid)",https://www.linkedin.com/jobs/view/4409859776/?eBP=CwEAAAGd8fDPgOrRYDDLv87DS7AGDK_eaZ580dg38GL8sFPMLkRA7DhlRZKO-5kCswfwpahtTp7Xl9Xlb3_IMymj_k_HyUczT4PmgzPMSWeQAIqPD41NKvwkSvLphvSbmZF3D4-jxlPRPx5jR1Hnl8aBe60KMSDdp9YBNi2finV_JH71z8BTlTmlxN_Q-8lGQipRYdox9YrkNJ5KPO9LpCanG1o77mRMnZNr4ZbayLFzt0JdKu7bOpkP7RZG6G9mZRbQWd83w4ASL4i182lIKUoEVkD636iF1QO3FF1GFNdmklW-6u5NG97GjV51M5uw-jg7_RcKnTBtHPMOfhLufsRoDQ__DWORk1PdPQIkwS-hHn9v2dNGZ4rdK6hEy_OwDNHmYagGxo7uWuBU22aTvlJgZvmgfFgSO9_Bwb2xvdtkMpk9vzu5LaUb3FF6ACb50bXf1fuxtrOspmEwDi99T7klpvlebKP_FUmR0g4GB5ofU7VFqew2uJUbA4VShc1zwA&refId=VaO2WP9NznM4ZHK5g8TFnA%3D%3D&trackingId=o7fZD8Ps1BZqXN3x%2FsJJ2g%3D%3D&trk=flagship3_search_srp_jobs,05/04/2026
QA Lead,AGILINA,"Tel Aviv-Yafo, Tel Aviv District, Israel (Hybrid)",https://www.linkedin.com/jobs/view/4408374943/?eBP=NOT_ELIGIBLE_FOR_CHARGING&refId=VaO2WP9NznM4ZHK5g8TFnA%3D%3D&trackingId=6DK2XyM%2BsDrlalrz9iFS0Q%3D%3D&trk=flagship3_search_srp_jobs,05/04/2026
Senior Roblox Developer (LAU),ReachPlayers,"Tel Aviv District, Israel (Hybrid)",https://www.linkedin.com/jobs/view/4407289934/?eBP=CwEAAAGd8fDPgB-jD-eaJoCuB_bRv4gMufx7KWFJsHCWhtQQFJ0WnnDTb35WPXYIm2G5vRPJCehM98wQ6HFzahl3HRppwdvfm8ieCs5mMTtflxuyVNs3n3XCjug16eJzGp6thxMT96xQyjbI6FAYQ35TsfYtiEyA8QFRNyAlO1aA20VKJmUj79qOke68u0L0IVo1GduGs3FhPlabek9nI950RwHNq7JkTaHz35YgRD0zIkD6TWVdLoXhwGX64-F8IycqNuvT9iImFgr2RhgrTmuC89ppZUg4Tp1EVzb_Gzv0evzBs4nBo1e0K16ZkGxrWVCtBlvvbX6BlZCwUpUC1hylNz32RSakAeXlaDYBrOnc4IWdW3G5O4yhqd6Z9bf_5JFJXTi_6srk9G2hozVqn9R44txtvrrFpzvw4pEhgYRbFutb2pUCbWu2KBn1OT0s6_xpINlhlDaxwAToDQ403VJ3tPLU9GH5D5FVo1MQ&refId=VaO2WP9NznM4ZHK5g8TFnA%3D%3D&trackingId=tnIGLZTnlNe5REtgI7Sb3Q%3D%3D&trk=flagship3_search_srp_jobs,05/04/2026
Website Manager,SolarEdge Technologies,"Herzliya, Tel Aviv District, Israel (Hybrid)",https://www.linkedin.com/jobs/view/4409884971/?eBP=NOT_ELIGIBLE_FOR_CHARGING&refId=VaO2WP9NznM4ZHK5g8TFnA%3D%3D&trackingId=jeCgdmoiwqC8nnyXoO9iXg%3D%3D&trk=flagship3_search_srp_jobs,05/04/2026
נציג/ת שירות לקוחות,ONE ZERO BANK,"Tel Aviv-Yafo, Tel Aviv District, Israel (On-site)",https://www.linkedin.com/jobs/view/4406062703/?eBP=CwEAAAGd8fDPgWlkT_VGSVwQZBlhWYk9nbSTinrX-3IVNAo-0oaCoivdI_AtGPGDCLi-gBwDX8ZPZxyxA8QrDq-DXi5vujr_KcgzUJLVZeTqaxClVMvXIzt2nqIDQUKWv_eEKekIuWlIjOlw7_BqpcEz11yHDGWcS_1ZS8sHvWs20lZqd8YD5_uwl9kbB4DO_gJsCi6Wvj50Q0iqPaBcC3Pfhu241VYvvmNkCb7vE5707lJyVV07K10QEvBjzwy4oBxQjCLcYbTOmQ4c3N-4jubT-wAzNu-UqpTu3Z7leKTEIvTa_Y9jaexS_j7ZUeww7_rdmcj9BBoVwZzuhCllNp-ceZ7mbBzaITVUq2yHJILbosYqqfgkMky2J1SNUwmlz-Exa1LOXWocyEwxuw7NTb8CZWEkD3z3tFkU_zht_IvHeimfg04tQOYX3zVSHIiWchiJwo1JKVFnVLis3iLEywaTWpdMeQYAEbGHnp0b4jMX6w&refId=VaO2WP9NznM4ZHK5g8TFnA%3D%3D&trackingId=M%2BEJgWXT5H2SefGQ9UZ%2Bcg%3D%3D&trk=flagship3_search_srp_jobs,05/04/2026
Talent Acquisition Partner,AudioCodes,"Or Yehuda, Tel Aviv District, Israel (On-site)",https://www.linkedin.com/jobs/view/4407712106/?eBP=NOT_ELIGIBLE_FOR_CHARGING&refId=VaO2WP9NznM4ZHK5g8TFnA%3D%3D&trackingId=HD2mpiM63kYbnhSq1dLx5w%3D%3D&trk=flagship3_search_srp_jobs,05/04/2026
Localization Specialist (Remote),Quik Hire Staffing,Israel (Remote),https://www.linkedin.com/jobs/view/4409895599/?eBP=CwEAAAGd8ffUFtRe_An4D3mrTRwPBl1kfW17pa4sC2U6lwfg-vDg9Hvky2PbWEu00CcQnX0wy8kMhiqKRRI0Ed9daCn6gVyAllXQrmAIsXZ1sMG4cKjYkLFK6xXfuV3KFrCtAWVUdyx4PutVOs-_X_-mFKzS-rrXydzFIUnphcoVP0IKqbojrC4ammi-wwGO8Nm32iEIj6agOXVWvBrZv8G0uvk_6SKUoI3HNQ96EVGFiyu0pG1WckjdlM47NnxslFeqWHbpRdKk6A3QU-psCwjL8zIqgo9d_Zpp-3soBgQPNQvQRGSbcd9pbGzvbzENe_-Dnoy4o8EIqGxAsEQGqkViPFJw2PMhIMHjtKYZ0IDB0Z5HHZ7PsLUPnMCprBl81wYH3rhRHuO9NJWsbxqhmSimTIjkJ01Hf-ye82lOYfp9cq8OKxd4dNpbbzAWtKf0DexgvzIQNpFfgFzjqwzoZqqhPeShix48afFVNe924iICnA&refId=WRUnapVDEmcKetB16kSOBg%3D%3D&trackingId=1s9x6aORDKwOniMnF8%2B%2BfA%3D%3D&trk=flagship3_search_srp_jobs,05/04/2026
מהנדס/ת ייצור,IAI - Israel Aerospace Industries,"Lod, Center District, Israel (On-site)",https://www.linkedin.com/jobs/view/4329271256/?eBP=CwEAAAGd8ffUFpkYOh2QpD2yFHzZxsAe7VcpypWQKL7Ntu6mRnTsesRMsIZSE2NmkihqyICh1lRnwxa13zgSBlYuaDxjb41EEY75FrpWe-uVHEjyyEwV4PKCE5yvHDaKYPVipAaJknNqqHplXpFx3Zg1NY4R9vDLuRcMsAeGT7NYNooQfaQTkHRxZF7QkUp8oxjpVTfF6A907J_YbLUDaVFytnLpSsFqswLi9rRd6cxI6SurYVIChpA_ebpLNK9RwPK9awRLGCpwaRqCNuQ-ERyyHwM399BQNlfuekcONRhOkNjoygLfgmxTKtGDy93MMbVK58hOxRhKxiYIDQIDT7UWuYANnaIb2hvyedjKeSrBPnYjlpt008Q99FqcnMKlwnYeNJNPN4emYl_6NClKQhoZpkCxuNiWnRuBNaNz582vnHmQeAL-HvsC9GIeU1xXZq4aBtgb3iifSCrfgOBmmL09NwXwtASiRqR3jVoBgN9BYQaP&refId=WRUnapVDEmcKetB16kSOBg%3D%3D&trackingId=mmpx32HoN0U%2Bb9g%2Be3h6gw%3D%3D&trk=flagship3_search_srp_jobs,05/04/2026
Systems Implementer,מרטנס | Mertens – מקבוצת מלם תים,"Center District, Israel (On-site)",https://www.linkedin.com/jobs/view/4408375531/?eBP=CwEAAAGd8ffUFn-mMlMy9aNjorUCc_fZjUAko6fA0gQDBEK2xzjMMohXQ3MULEQiq_9vwe2BgbfDyCnShcaJirGNzRTLHllE_B81kNAW6kbCWxllXhX2BpxDDVtGiQte0_vuGjhVNC5oW8xuJq1nITECpAXiBYxeu9QJqo6rF3yc4aGySkygpupJykaldd6Z7J8LaVcgVtBOEXz82q1RbnNw0VzWi74yS_jGf5aMjLXFn_n8k_841YfdGv9H1qSACMKR8IlEwMk3hgFqBZmIGVdIuAkK_sB-qc16_cdtHCfJyubuVQUb8j-9LijGBkkRF4LoPteewwoKGLrsTo24CiECtmxktK-YYiwH9vNeeEGwJpZ9ArnQAH6B2eHUSAjGqSdz9MiFze_M5-DII-4LhywvIK3fVVn06hGWUlFa31087mlqqFji5me1boZze33bUv2pG-wrxfXVE0SgMQrG7icrkFTU07GAfJ7sqBmtCFQ&refId=WRUnapVDEmcKetB16kSOBg%3D%3D&trackingId=%2BCy23HqN0NEYDQIeUu55NA%3D%3D&trk=flagship3_search_srp_jobs,05/04/2026
Retention & Marketing Automation Lead,yad2,"Petah Tikva, Center District, Israel (On-site)",https://www.linkedin.com/jobs/view/4399614871/?eBP=CwEAAAGd8ffUFs8ADMe0806l5zATWxJ1H22FYDv8VQkUcJVkaK1ieqpJYyrer0KbAsYHEOvNL34wpTvCxDUv9nct3Fnzb6nu_sTWAtsu8V5occwYOjVXeOxVSCd8vtDpFS8twodn0e6rQek5p8rXpoFbEdqJmGH-6AzsZKU4M8YIhDNpFPENiiQnp3jLvauEuWN4p6jiqPw5WKyKUm58JooVYeQXAocWlEOFQ7GDysXf4WaKre0W7IK2Qoepn11BQ9l7Y3FTUJOVSk1_d3I6ANGiTb5gpvbO4sZDSqkzFGVpYNu1XnTb6movCWcCV-lDll9JKR7iPZlmuzdMJErMWAKwh_CUDrbdc6WTQEDHQXTlDgqFhfSbe3bhK42BkcKAn9_uwg73d0s_kFAKoOhFD_rP_hA4re5vJGGP8AL-9axlQ1PUKZQAKBnGWcm1iaK6bPG3FfBgUH_xi8dy4TLo0uZ0RN5-l6Mbmnd4vzA7Wi0&refId=WRUnapVDEmcKetB16kSOBg%3D%3D&trackingId=ycAbqrjSYHGt7eRNzADeaw%3D%3D&trk=flagship3_search_srp_jobs,05/04/2026
System Analyst,Confidential Careers,"Center District, Israel (Hybrid)",https://www.linkedin.com/jobs/view/4404676762/?eBP=CwEAAAGd8ffUFobep5_IWxB34WNOaVkjmXRenMctaj-y5R1K4rbAg1GwPsohOOboZfZ1FCcPmED5aa1zgvugAeH0dqkXRNejhUshvRyLP3GDqffuq5cLd0MKcyNuEa5pYPFHSqzOZfgMsH9b55PTDc0PTmIslwevoBX2xw8i5vadBR1rpOS9Y6v_A_zuReBrrsSO6aYDOm5Wzxt5_4V4A63cgrzsSALIn-GIZT3EEhNw-LzUtbV0LBZHDNEq_T4tUX1rGPxQTnXiWXnQJU0kTfrai9c2FT_6UJJ6x5rj0wV-GaxwIgLSpVI2nzKNiqW0bv09ZkZqKsLEvcc95fpru7W8a7OXGwpEGKIu3_fL5vBHAHnXD4vwi7JfLrePiX12E7MVxzB74ENzmNvLSsI92vV4sWTZTLdYfGRbrpx6Ea6gtd7vrtsOMHfS03d49s0mZPZeZ0oewlqHZe8kThst7hipVDzLsZ3K16ZH7s1nN6zIvg&refId=WRUnapVDEmcKetB16kSOBg%3D%3D&trackingId=TrCYvOJvyRo9Ty9DV8Ev6g%3D%3D&trk=flagship3_search_srp_jobs,05/04/2026
FP&A,Elbit Systems Israel,"Ramat HaSharon, Tel Aviv District, Israel (On-site)",https://www.linkedin.com/jobs/view/4375569299/?eBP=CwEAAAGd8ffUFi5HemSOg6mdoxvcWtKDUkLS1q-lQkM698oXgvphoNl3mv23GocrYOkkifCq2bfzEGVj_OwHDNxJBILGadxM0gOBFayrr8JUgf7KsOpKtl7LE2mULIZIHUBXWQ6B6x-OCnDwFg8CPQuZpO61BMy7QjNtRBctya2VGAMe13lXGMQDCurNRVu9JKE0MTKNITzBQwOb8efk_eE2CPNl_P4ToSYp68hHbBUsMVWnO9w2i-C1MMkjM4VwkPh6-eOxH7Gayyr6PTBjn9rGslZd5aazI0-v0Qa98hc7vtQBymy3yLLoL_oQbjGlOzWEshMzyh4InAqdFpSW3YJOfhETsba0QclZBMo2bM4loNjW81l8C8TTkg5og9NqbZF2V72UDD3JjM_GTICipDNGcUtJrBpmSy525F063U1ftGAQ0tmGC-nNiRJyie7LBc5oSyt2DCPwAiu9yWGd65dGH1r5p8VRKtd_wOtmdwzlfP-BPtNFsf-cPFsO_eGSMrIrt7k&refId=WRUnapVDEmcKetB16kSOBg%3D%3D&trackingId=yj3qpz9AW1QRcmUuAsLF9g%3D%3D&trk=flagship3_search_srp_jobs,05/04/2026
Senior Product Analyst,Unframe,"Tel Aviv-Yafo, Tel Aviv District, Israel (On-site)",https://www.linkedin.com/jobs/view/4409846537/?eBP=NOT_ELIGIBLE_FOR_CHARGING&refId=WRUnapVDEmcKetB16kSOBg%3D%3D&trackingId=8dTCWwu2PC1CkohiVJ9tAg%3D%3D&trk=flagship3_search_srp_jobs,05/04/2026
Voice Actor - Remote,YO IT Consulting,"Tel Aviv-Yafo, Tel Aviv District, Israel (Remote)",https://www.linkedin.com/jobs/view/4408644040/?eBP=NOT_ELIGIBLE_FOR_CHARGING&refId=WRUnapVDEmcKetB16kSOBg%3D%3D&trackingId=g936B69lYqt7BwJYXeYeFA%3D%3D&trk=flagship3_search_srp_jobs,05/04/2026
Senior Systems Analyst – Digital Infrastructure,Nogamy,"Center District, Israel (Hybrid)",https://www.linkedin.com/jobs/view/4410003867/?eBP=CwEAAAGd8ffUFhlIB0FD1K4j5hVvHW0zIJhd7Xg-yMb5KqCeuoQJJETWDEhB1kHiOiyhwlsgFyJOvVrrTCO5cJBzpDEg5-IIbmT6SYeddUAgQpdFikmzAyqpDq5HKTMGznKbFGv5F-YPFvTSjDqj1hzn_CENGSWlLxhl1_rDUmr0R_8IwW0vsPOK6KCsKWylNt4kSwdXrhxQXrLkZDa5bIv_zfayMBhmjJ1R1CHLd-TBZHDCdFZEQaE2gBkG3nWaeKvBe4SEOFSKBV6DesYUyEf1ZjzUJGiNvZMI428Xb8yX5ZZHmP9T8Mzv6jHFWeh4b2tmnH3su3bYkuaLI9m2fj5JZ_dMtSXrWQ7riq5aGsIK3n_Fk-YQv-CqWbJpaeVa507PA9NLX-klXIw4SxKjyBYV7BM3hoXVs8XHXQ1u0WOVLPVlwV-sCLoqqx92oPnj3EEbVFYNyumla5f1xpf6jS9hVx3vH6d9hu3WTz90&refId=WRUnapVDEmcKetB16kSOBg%3D%3D&trackingId=RYosY%2BOVHdHHRWkP2T6syg%3D%3D&trk=flagship3_search_srp_jobs,05/04/2026
"Staff Product Manager, Onboarding",Deel,Israel (Remote),https://www.linkedin.com/jobs/view/4298631450/?eBP=CwEAAAGd8ffUF_j7SKQBlGS_ZEH0X3MGz7FVWFo-JrInRSUBWgRCxeDhyrceFZm2TiwbLYi0PLRSmF33TnwD5F-2u-S36T5FRSSDDtGUFPmB8XO_qxrQJCQQySlG_SyHG6ZqooKGMfXwWYbUYmUJgeA2oAVR3okXE2yU0LQOaJdb6XnqxL_Fi9gJ-uiGXyBuXQ5-so-Ldczxi1DOC8Q7-pf_BV-MnH1Y84pjec9Lldau0Ka-ZdlK1q6Bm_beeyhnheaTqaxAmgXGRmAdvONidu3o0wR37XNr_LbfJFwAgBK-NxJdlsgEm4TnxFEHQCQuFUt0mfXidSnPIqNPGC0unjRuuqEl6xTTKf6azVX6EadwDtw_Y1dqm3LgT83OgnzkLkdKKhXwdnpLQEFZNwttQshbJ-hP-F5f9faguFukW_hfh9PydAcGInVeR8uKr1AJOMCYLwgAOzN1OwA-koL8iLwuM1iJH4T5wfnSlb5HDXNlsIdUnqcsUBp-50InJq4&refId=WRUnapVDEmcKetB16kSOBg%3D%3D&trackingId=ds7O6G%2BHdglLxsK21abKzg%3D%3D&trk=flagship3_search_srp_jobs,05/04/2026
Identity & Access Management (IAM) Administrator,Cyera,"Tel Aviv-Yafo, Tel Aviv District, Israel (On-site)",https://www.linkedin.com/jobs/view/4409858805/?eBP=NOT_ELIGIBLE_FOR_CHARGING&refId=WRUnapVDEmcKetB16kSOBg%3D%3D&trackingId=9EYj%2BIGk9HpudoD1d6girQ%3D%3D&trk=flagship3_search_srp_jobs,05/04/2026
Data Analyst,Gotfriends,"Center District, Israel (Hybrid)",https://www.linkedin.com/jobs/view/4407700998/?eBP=CwEAAAGd8ffUF5Unr2MzTubZ2QpPf3Mb_Mmq8fSk5eOXeLOBVffc7rzp3IhEnBn4rVWCwdOpED6UHpJ0U8pQDaEf1gbZBtTEW8ahPqi7YS4VwXhHawjW-7gnioZUFRfC4AGO0BNMVJVYzstje31ZPcVBGs5sj29dltvWeRU2ONor5g9Do0rpioWVpNZKRqUonKnjVirXeoZoMz6pq6pQmht6F_a68zcjcqBXeZ1qnY0bt5g03C7n2J26UivcjYWuozbD-FlN1awRLn3pikOCAD7MtBxtawMQGGHMEbALcIpN1Drv4bwV10LpTSHX5MoTlo7L2tlXwpRYiwLqreRDt-Ljcib9dadABz-IUriIovgAE1pTNfvuowFmsJf7otDiwkdHTCB0fvXqSTqoNAqtQgEBNTZZFmQV8jzEJGS7x4lg6F29PLLxyAepjTX4uIwujcLcfzKwJG8D8w&refId=WRUnapVDEmcKetB16kSOBg%3D%3D&trackingId=39mKf1KnpD8RuY1%2BVuuWPQ%3D%3D&trk=flagship3_search_srp_jobs,05/04/2026
מנהלי חנויות לוולט מרקט- ירושלים,Wolt,"Jerusalem District, Israel (On-site)",https://www.linkedin.com/jobs/view/4299596300/?eBP=CwEAAAGd8ffUF4kt3GcPiFTaQdoAPR_AQmntuUsJDQXEnhmClymAc98JwqyUnbmVs4U3P0vJaR6LJrQOk5PsE0jq6RYRUXVOWoaKMPbxLyCSsn870DRFneQ2tIbki4x95S_yzfVLah-f6a2BjvxxYozZ9nCT0KGeFyUp8caxO89M8O32mTiy9t4MlYlSAuGk9uAM5j9XuPac3tdylwcDnR067_NDJd-psdKehffSx6SvsYFQnqb9qmE2vYYyMFQxpzd1odUZ8b0twcx2g0vr1LiMCJqUeU9aR6zpIBtVsbE8X2EYP0KGpjWIa-anAU4NVhCQtA_eweBxXeaZXVH16HnOxHHZysFbW1y_PxAuLd_W02vEOjmQxjvsU0WxGSGuLxI46fTyITN0lX0KWmKeH9Nqe17Yn8_imEpKjnkNGhKi9FwIDlzniJTBxtFokmzvs4aADMrDjWv_v0yHPdvgKctkUF937LxXrr0LShxaRR4&refId=WRUnapVDEmcKetB16kSOBg%3D%3D&trackingId=UY7XeHURiiPYk%2FsJMWAYQg%3D%3D&trk=flagship3_search_srp_jobs,05/04/2026
Customer Success Engineering Lead,Insait,"Tel Aviv District, Israel (Hybrid)",https://www.linkedin.com/jobs/view/4410013089/?eBP=CwEAAAGd8ffUF1TkST42qettWYKllfgUNxjvzgbjeBVbwxCVxXVACtI_tTx52WD6gxMFz-wdGm1CzzZ3kNsZMT7d6zsbBDTuMJ9yaLv0crbrSgfLgQx6tWMlra7ATCoZDAq0qYHPtxc4AtCusMwDwyKSL0rT4zRDM0rlw0d0iLmWCja7quyjJJWY0L3X5XhHFkVuiA6SaI2oks1ahWL2v7AG7mlPC2u1OC1vlTTu-xMSmyGVMRlDFtVricX94pvidyVW5viYWdnRJVFXTnrJMr1ZNq1Weoh9pyi_5OhaPkzYWNvMbZ5vLuAv2155-gi7i7zCJxoO-hkOjCuUWoDSoyh8jmO4hblKbtI4xzGRElnm4JoSEPrp30A453Hpev1_DL3yaPSJRLIKBYL1C3J1L9SKPsIf_a2vNQ_qmpPix-joyxkkqtO_U9OIgfJQx1gdLFD335NnIapyUjSCFE88fji0TIkRLilYvyPxKgYUCCyWYA&refId=WRUnapVDEmcKetB16kSOBg%3D%3D&trackingId=ooQjcaLJtj%2FBfawfcxbcdA%3D%3D&trk=flagship3_search_srp_jobs,05/04/2026
Research Scientist — Sovereign AI Research,Dream,"Tel Aviv-Yafo, Tel Aviv District, Israel (Hybrid)",https://www.linkedin.com/jobs/view/4409851880/?eBP=NOT_ELIGIBLE_FOR_CHARGING&refId=WRUnapVDEmcKetB16kSOBg%3D%3D&trackingId=vme4AFox%2FhWstgZW5lFFcw%3D%3D&trk=flagship3_search_srp_jobs,05/04/2026
Product Manager - Data,Canonical,EMEA (Remote),https://www.linkedin.com/jobs/view/4157960514/?eBP=NOT_ELIGIBLE_FOR_CHARGING&refId=WRUnapVDEmcKetB16kSOBg%3D%3D&trackingId=jy0GGprEQf5hL%2Bo%2FxaMR0Q%3D%3D&trk=flagship3_search_srp_jobs,05/04/2026
Office Administrator,LTS Device Technologies,"Netanya, Center District, Israel (On-site)",https://www.linkedin.com/jobs/view/4395683193/?eBP=CwEAAAGd8ffUFxdvNuZFrVMOzMbmWNZb8bZOpk62JRskk-ReNKSnd_g-KHA01tYxydqlEwWb3Rd7MfFAZlGbcgNy2vBZwfoG-ztvVu5cAZtro81NZAPqT6F3jfWpOnJLaU5x9wg4g5jcPhNJ3vqWB70phMK8o5pYx_w-KcMYw51sD_TSuvinXvU6sikSzRXFJuEJ-IQWzrctNYbuGmO6tprlGfPzQVMyPSoP2BbvDXqmJ3hrKVzV8844ZCbEPZcHMATqjrChXg-4I_fIHsbUz22XcWezBi1qCVYRk3nXuxE6G5xVipdLbbSMn8Kxt32TN8dwaRIMrPGuw-e3Tt2MEywAH5XJnwkXH7mj9aYiIORIZ4Z0P7FXpT0bySWg0-w7UG2c2y1vc4m0qW-83Anf2T81vY1R_7Ipv5znrJvVSlVD16M5M_uYTT1ZsXx1i22n0dS9QZv-n-LNJ-ZWu5U6jjwM-tN26BUnrpNDCm7L9wY&refId=WRUnapVDEmcKetB16kSOBg%3D%3D&trackingId=t0OTC%2FfNpiOqv0bnvx%2BM1g%3D%3D&trk=flagship3_search_srp_jobs,05/04/2026
Principal Software Engineer,Aidoc,"Tel Aviv-Yafo, Tel Aviv District, Israel (Hybrid)",https://www.linkedin.com/jobs/view/4368176120/?eBP=CwEAAAGd8ffUF_b_yTpVgXjiCiN1RqFsiV3d0qSMp49rOd8Drz34b-1v4apZF_txvN7-VoW5svWDV4k543XY4FV_-UMuEsbSHe4olu02yQ-YO9LwZD3WDYxIEUG9AS7cby51T3L5OIc4kH_xmO2KkOv_iOAzAS5mbltNe5j8pN6IiC3gy85fOiewMsVVbdXZIHFYfsSyUVEbcYqehaquTMbSqsjlrdE69Qpe8CDw8EznNGwBA194jUvzxnNjpXjIiodB_aNP4zJObF6pDOcvIKc38VELhTM5KNi4OPbrQG6LW5Y0MFCh-CpPRmAMPsjtVGXYUnM0P9KXBElVS8V_CE90Jx7sTrerTgRzrCS3Sn2irGZGfNF9UJqm5010kbaITHYPrHwMeBU_XootU1LXLewIa6SYUn1Ns81YXgip3htC1k14-7tdFcWSgdTsLJzxlPRlE8iDsAUnNCqY6Q4v-XQJijunGfOwvk7aZD9sFx00OQ&refId=WRUnapVDEmcKetB16kSOBg%3D%3D&trackingId=X3q96pZ7mPojp4rxtCApRQ%3D%3D&trk=flagship3_search_srp_jobs,05/04/2026
פסיכולוג/ית,Noam Institute Ltd. מכון נועם,"Ramat Gan, Tel Aviv District, Israel (Hybrid)",https://www.linkedin.com/jobs/view/4407719130/?eBP=CwEAAAGd8ffUF-JS_kAtwReDysBqtUYCrX9jiZVdoiSf4g-Ppw0QTmej52jGrfSClYhFKtm8eHPhim14gT3B9H-SPiG3kM_AoD3_JKbB8WHxlUzQSQuJ5Z6xYfzb7KNPiiIjtLw5hu8o4ZeK7XbRBKG9Y8GnIcZcd9R2luxjzQNBc24CxexDHOxKk6dHYOH6WtdXvLS5O8Nf9__COknp6R67OkswgF_nMyS1Sn-OnsfZyK85BHXKY1EEmmIt0SikNG5twCAeAuoByEBmwNRSa4wgPGA3XreCH9nXpW5IynkZKBpv1wOsjlY0x8_RMAaEYOCglqW7KgiYYo6JghSEUh-r_12Mbc9NMVBIQJYjrECXnBF0SlUVx7Rd7qLsEo1L8TOpNbW2DzXfCsY-CjyFww3b22__jxvwP-En1KhvcuGhrl5eSaUzh3Ugwbc1S2cH19d3-mRtbDajrn68eEtZ35WTaKV6KGKgf-CuAg1NKJadn1nhoyLJDdKrVDQAMz4B6Q&refId=WRUnapVDEmcKetB16kSOBg%3D%3D&trackingId=K6WduDA47Jq2GVayp67m1A%3D%3D&trk=flagship3_search_srp_jobs,05/04/2026
Generative AI Team Leader,Confidential,"Petah Tikva, Center District, Israel (Hybrid)",https://www.linkedin.com/jobs/view/4406066377/?eBP=CwEAAAGd8ffUFzgd2FrTnC1HC4ycn0snykUQoFqzZxVnmVQj0U3m5YFmREwfPh8lWbg0i8eAuwM0dx1L0NJgOl1Axep8mzJ-8rWUTkXHlgeTeJEbO8bBFGnfC0vVcU3r3kB4OxIj74lnKoYQbz5uXnf-Rl9QjECYudM1J3DX6tgU5U44EuvN9Mrkw5VCuan9RdjJetNzuEhFxhD94KQjO35QAdXqR4iZr0z0ZfEg7EbvkXddsD5ou_KEYD0MzgBpYV3_toNnxxmh1q8qMuBA6OHUXFS5drhBzKfVAvxNyybTHjr5Q32Z-dKw3HBKnNCBDpwABqIx4AdzGJ_Y5dJrL8YEOykH9NxrtRmN3nsNVa4wwnHl90N4sf6vBAle4c8KKR07jutdQKm9kl-dnzE25xzj6d2HkbK3SvHxf9ZW9XUDVZ0llxLbZYfN5L_CRSs1aBDTzZeuTGEuwgLHb7EhR5VbqF_m5JJS5ArBxThrhOg&refId=WRUnapVDEmcKetB16kSOBg%3D%3D&trackingId=BesR3K46XZVx19E6E69XOQ%3D%3D&trk=flagship3_search_srp_jobs,05/04/2026
Costing Lead,Teva Pharmaceuticals,"Tel Aviv-Yafo, Tel Aviv District, Israel (On-site)",https://www.linkedin.com/jobs/view/4363728930/?eBP=CwEAAAGd8ffUF3HeXJStN9-He-YcoTb1NTS6eN95PQIP0MhiWGgXfStX8IN9OaAILE_L0AQS4kNy3TauaQi1WICeCBNpm1sdbCe4vYMGwZA8q5TgtkFb5eO6kM6hmundj0-Svbj8GYojjdGoVahbbba-qv966OB-dCkuGZi-FmcG9v3LrYRKCcrpar2hl8CoSkb4PMn0SFvn5ehYiVjY4VKUWawwpn6DgBSXtrNcN11a0jx-5AZfO2U0dtOpfaM7xIRLJIcKefIChRO66Zax8nK8CHn2dq7Gq_n862HKs6_01ZM1lJJxfsKti1g1leRmN0ff_RfrX-enz3nTaETR78KYncG6dX4rt-Jlr9WY_VbDnQ7_ULgUOc0Qg32451zoDuQP3yjwI9ldM8QfSq6yDHIp93tQwrpSIRjGxDq62zHSQI8auIB-bIMEb9nhGtQUNnq5DW0U-UPiErhLTET8R7SUBAYxrW9apMiswaPes_Yvy6Zz&refId=WRUnapVDEmcKetB16kSOBg%3D%3D&trackingId=Z%2FBuxpW9V%2BJizkVtp6U2mA%3D%3D&trk=flagship3_search_srp_jobs,05/04/2026
Software Development Team Leader,Fiverr,"Tel Aviv-Yafo, Tel Aviv District, Israel (Hybrid)",https://www.linkedin.com/jobs/view/4368742403/?eBP=CwEAAAGd8ffUF7G06T-9gCbpTYRY15mvTKTkLzey7nfQRQZ6azN6S_j6SX_3kB4FBVJZ_d4tns0iA9zWO_3F0zzNvWI0RgbfNDy3xl1ScrJYuAHmikLXYAJKIeoVjnbFIuoZlM2DycaGE_lsSz7o__wu_MB6s6lwoU7THlbN0Pz0WT_lBJX5cR9obz4ujKHGVW72Ty9W8Q4IBgCpNxhsQlXq3z07RukyCOTzSHnFPKU7EeB1BYnSN4N7do69-vjdPgHp7QLGPlwsfdHdUPxNZUchSCeAKBw3Sp6GuSD3DQuxiRN6f0Q00l-g5mxnkcwxpjCSoj66CurUPafnjPPhA8pW4wBGDOIPFXckhCScyXgg7ncAXQLtFWdyFN3gtZ49DbqfdLj1lRe5cEMgRuSjjw7zFyhwr6QZJTQcPNvxeCknXWEAhcX_UhhFdLGJdZ-fAdYgOtOjUFn3mJ5PaLil678IEYSFcsL1wsq3Wy5jF20&refId=WRUnapVDEmcKetB16kSOBg%3D%3D&trackingId=5wRFB9yra64DVn4BdjuK7Q%3D%3D&trk=flagship3_search_srp_jobs,05/04/2026
Machine Learning Engineer,MyHeritage,"Or Yehuda, Tel Aviv District, Israel (Hybrid)",https://www.linkedin.com/jobs/view/4410013288/?eBP=CwEAAAGd8ffUF2s7NizLPNzSdOAJ4fyfhxzM9W5SoKFQdvFJjUTmOLJw7yhkhuRnyvpI75HzcWXEOTWH_OVLNCIhQbLP_nSaiLHe9m1eHyyTA8k-LGu-MPh7FC7aZxsg9TUkDivq5X9PHNXJjeasLPIg1cW5HluofawXS6wDuUWB57q_AqiCk-jZh8avXMgi1hIRH7NxGiGf4FfhpDnbEvgLisGceAVUFETeWj25K1HFvtNiEa8jUNKGswN_0KyrzvALRnpfdAEvjgyDXq-DdabG_HMsoOCH7W3b_gxHdURKbdyTwzQmFDH1O5oh7HrUOicn1eAhemqkumLNOkltApPb3Dj9AyY4iSC770CSTF45NvQaZNwxpMA9nd3fYrndUJPQgoqzf2Ir7PUBr0RWJZxzZNK9KbUahqPW4GozwgFfykHEc-ua6JM9Va2PteG-NnbRWhfsYHZJyls_zYz5zIDLFEnlFMcemI0puzpz&refId=WRUnapVDEmcKetB16kSOBg%3D%3D&trackingId=nqkoQtz7Vdcn77YxpLw4fQ%3D%3D&trk=flagship3_search_srp_jobs,05/04/2026
Project Planning Engineer (Planner) | Defense Industry,Yael Korentec Technologies,"Beer Yaakov, Center District, Israel (On-site)",https://www.linkedin.com/jobs/view/4410028006/?eBP=CwEAAAGd8ffUF4b6Iy9WsqWEzaJMDw-LkRzTjg_IN4OdrefLjO_IpwVALdidwtE00176FATQt_xG3YK7SSOV_7_U-bxArtweIe843etvrsx0MKZDFZaXHEBmlH1n5LH-OmhVi2lP0bU61AuePhmOYzbnJj_X2yNyZr5E52RFv-czVSUQJ1_0YAJ09zIBCwqgyCicJgUePZUal8KJn8BDwUwgmtDobnnV3uDd7HI5SuSYglnx5UCi-rIB69ZXzyU_lTqHz5SvviZX4uppAlwgDCge9d6dPHa_ir8TWmPMFPUQpPxTVO-iK4cKVSr68EDN8ELEFTG4-_5hWGUweM4nr4wsbkoxcWw0piSOyYSzIVTx7IjSgloTtbnWZsv14_fP9zLsCwTWoWEOHbETTbFV4Ykl4mvDjV5J3JuDXHqgat1Ecracw6iZw9UO5QHQy8K-dlvrNfsXSGXGDebq4HUMK_nUj_pOsAj7-Z_T2r2fZR4gpg&refId=WRUnapVDEmcKetB16kSOBg%3D%3D&trackingId=csgh2bOpVSCQNgyt2Mgjww%3D%3D&trk=flagship3_search_srp_jobs,05/04/2026
Data Analyst Lead – Outplayed,Overwolf,"Ramat Gan, Tel Aviv District, Israel (Hybrid)",https://www.linkedin.com/jobs/view/4346063764/?eBP=CwEAAAGd8ffUFzHX7cdOTJrPzo3Q3pV-hx31ST4UnLqnGvXZmhOGLzxU8wbodgCz1w030csPcyu1orlPXW2FN0fQksGX4jzPFF30ftyNuHfzuHPY37n-LV0X2-j_O6VFsfBMR7BNJM274j_sKKPu3w8zmqtjaYWLq_laFPNJD55_Pp0lGl3OWb4Eu27G6BgoQPReq9-q9_lo4NiD4psJceH7dl5_HbV-KflN2ZcOTFuTYHvvNTBH5Q4EOHa26cGO-jCeenr6kOtCvJAC5bhRyI4dh35nsIGo7ULyIF2zI4RPVIDVkF0mvIF124kpNpDfiiMW4skmjd2Q6F_dur5NHtyu216Aj4CYMPbq2W5m6u35RGMqtQJ1msOy5Ybrf3qgKxgDJYyxxluXSJOrZUlpqDhTbzWH6_pwo3EYqPtHWXVruhAXqB6E7I2UP9lW7MmQ2dqYMWqGgW9pUyY4vGKdSomBnTm_GFZzUpZnS2UVP05uZ9zDlCc&refId=WRUnapVDEmcKetB16kSOBg%3D%3D&trackingId=7QQk0DWEsMJIVpZztWVAIQ%3D%3D&trk=flagship3_search_srp_jobs,05/04/2026
AI Voice Trainer – Telugu (Remote),Quik Hire Staffing,Israel (Remote),https://www.linkedin.com/jobs/view/4410005758/?eBP=CwEAAAGd8fggTDZG3rr7m3QH5KqWefHChA0osO-Rw-CO1OM9afOJ3JAzrqSbt7FxVqLK6SBkU-qqAm3OS5ZmHQSCiiOzKIr8v72uJcM-VTNA72ceBqxxgNrEadOXS_4e61ydo12dBD9xjCIS04lVDOhAMoIloguNi4nB6Bx6hBxyof_lBN2JWnJpTKyK2F52KpvYRb9tEo1K9vKml6lpshtghhMKToF1qIgC_BfiDg4A0Oln6Z0CI8W8MHDnn5FnbYtVYo6tT2Af4yysPzL1MYsiQ6tZMN25aBxrmIlpu0vVy_tCfulHSCspuIUotblVZZb1dCWUp4f0TyhWBjyIQjntVH0dpd-vRnyUMYQYA3tstrRG1e-dStFSXQboynPI5phBkEaMWY_qilbChhLbqdNY7Ry4OM2UA4v97KZNb4L0Toy_2ccmq_gBF-kCOyXwfK5UCz6WQcj0jhz9EaUqOkfnAvSKgQioalCrfyHajGmQqA&refId=uf4h3kuRAW5TFRNYnR6SmQ%3D%3D&trackingId=TRHeAmldyB%2Foqq1sxAENnw%3D%3D&trk=flagship3_search_srp_jobs,05/04/2026
מפתח/ת תוכנה Tableau,IAI - Israel Aerospace Industries,"Ashdod, South District, Israel (On-site)",https://www.linkedin.com/jobs/view/4408382130/?eBP=CwEAAAGd8fggTKbMfe_3zgbwJm78oR0-aOzLR6-BhoVCVu8Il1apo93Tqe03D7_Bqcqz_IMeQYAICU1XPGYnUvXQssyVOXZ9fwz6ZVPIoYPAg27p46rfIxFxVmCFlfKdf6Bzj1HMnV90fBVnm8bPHjkwoqdsirJXMbUih_PqINozwx3oascPxO7HGh-Oh11nMAz1VIMB5GZpkm7-fB2lHEHqoJA2xkV16bz6U-y0G1j0Ge0JXbQVqfRuk9FWYhD6royU8APvv3-wQscinwidjdAizH2JNDxVcgM-djYU7N-6uo0pjH5wcVTh1vWJhcP0yyj9e2eummmrKuhjTEjVZ3_papKyya78eYj4ZSqSwgY3CqpSPXH68c2kndIxt-l3NMXkIbU4Vo4WzveEU5X4BaQqj4OWxT0_BBu_e4HyVcWIgGhtELrYX1nkBqSg6CkmbO3cwAhiK_P1AF9pG09D5RLdo1VG_DC6sfBp2Ai8oxc&refId=uf4h3kuRAW5TFRNYnR6SmQ%3D%3D&trackingId=9mztFmsShn4diwmb6iED%2BQ%3D%3D&trk=flagship3_search_srp_jobs,05/04/2026
Product Manager,מרטנס | Mertens – מקבוצת מלם תים,"Center District, Israel (On-site)",https://www.linkedin.com/jobs/view/4409845727/?eBP=CwEAAAGd8fggTAQdibPtg4-qTxbF5DzkLuB0xN_P-ccOG_qbO7KvKaDAABelys7X6LPBO0-JbL50lLI_uI8JpaL7jCwD-PEsxvp6Lsne8CfUY9kyRh5peHdhHbS9h0DrthS8oAmM1nRTdEWiTBYL_1wui2ldlQVnDQPvlfEI2yZntbKGKTQiavvckto8sdiO-4YUQmt3JZG324FQaBSXpqlRb6yFIwaYMY419UZmOBI2xjsSLRh_KthNapFUB28rSZv_QOM_nCrHgLUpHmnlPuyc4PnkZvYuURUqS_xqvsEvK8jzq6-Jmojbq4TShKHh_a7QYuAy97132fza9v0McujKgOVlSJUCqWtEptexJchSawHbDB3W6xPNc5QBAk6bk1Aqm00dHQT2V6796UrTmMsFZlqa14fkyimNMcePO-6sQtflSViBIoGkPwJpvoQWOVxBgtXBytHAJ0-XmbWbWcNvKHCyr57W5ch94tXoxCGDjOyehL6GKBIprZWxzOaLxwdF&refId=uf4h3kuRAW5TFRNYnR6SmQ%3D%3D&trackingId=vhvWIVKEjtDlT6aNuIlQqQ%3D%3D&trk=flagship3_search_srp_jobs,05/04/2026
Senior Business Analyst,yad2,"Petah Tikva, Center District, Israel (On-site)",https://www.linkedin.com/jobs/view/4400003190/?eBP=CwEAAAGd8fggTMboha-Vvy1srEk_T9Z7tohBoUHIIukOUa5ZE17AWhTfyiyfzypJQ-q00VGcOa3IxlSeKAAWQTHBSRe1QcVJI836Dk2DLHaMmCEft6tVeMGudq_lxLhmJLFc1h2-evMVUgoO3_-GTV1qUIyxYvNC3RslPKO71hwpMXF5LmMtz4BGTlkzbnaHllGv-0llrX4L6ViUNfm8TPAX4ag7g1o3P1DCT13uBj5UXQY4DZGG2CBoRU0HEFnocfeRVABSohm0sPEH3ALVTYcx4ubGnOd4ckPwXXCq9t7inSbHOL-adiSyn87lx0ujc20Tr3PnM7cJ7cPI57H-aJIhcEQbDPCY9pQI57iusfnYVV_Lwt1AJmn_ut7WPkYft1C8RAcir8ot9zE0rIl-j_xfsKU5SQOF98QNHdq7kJbSkZBHd46dDcNNFJWkYI_B-t0Zwb8mXqlQpOQOGIz_8fdvJuMZltL7ikLB_HQl2o91JA&refId=uf4h3kuRAW5TFRNYnR6SmQ%3D%3D&trackingId=PLa8qsu2XFoX5A8Abm0CnA%3D%3D&trk=flagship3_search_srp_jobs,05/04/2026
"PMO - החלפה לחל""ד",Elbit Systems Israel,"Holon, Tel Aviv District, Israel (On-site)",https://www.linkedin.com/jobs/view/4407719134/?eBP=CwEAAAGd8fggTIvr49eeGHOjWk_sbNY71fypn7JD3BNdQzx_cVGv3SWqWbJg1wPPVGsfMm9CqctvcqTe0u7lwg9hZKvsBhie3V9qHpV8BEe36ALzhZrFPcDFSIp8vJbF-cM7-T36J7Vb8NZsiqE17CvT2RYfcNJ7MUFxXzT6OjkiGvArxY6AbzsynelpMV6reE4MmQbOtlBrALDuykhWHqNRjGHxq72cxGdwnDWRSeCtkGFv7z9h6xEDKKxhOwwLygLDZuIHUCtvA_Co2VLjX8fL7IpFN2TdGRuqnSKyYS6Cw82L7F5NMY8X4NJo-1zvspJ2sjs9KmjXMEzu-3M0zAbzQsP5MXyvOxuMuCw5lgsWG30cYaZKv5lIBLJ_wwtyA2g5PEzSggsI-ZlL6CXOQLGAcpbPaNbhCxU_ku3l_2TaykNMZXJg_8YxzS3JunS46efhlvTBP8s3IYtez_s4FP7Ltj1_zwo5c2k4tQZeoHw2x7Flp73ezQHvD1ZE&refId=uf4h3kuRAW5TFRNYnR6SmQ%3D%3D&trackingId=Y3%2F08HO3IWuyAZJhdq%2FZ4A%3D%3D&trk=flagship3_search_srp_jobs,05/04/2026
Software Team Lead,Gotfriends,"Center District, Israel (Hybrid)",https://www.linkedin.com/jobs/view/4407707214/?eBP=CwEAAAGd8fggTGvakPcOvaKumL_eOnivjjKMSIQSZ36jBdoys0RljBE1wHTm9omO5YJjvSwfrvKw2YO32yaEmyaT4wtYyLYrNWAg5wyVaIj0u4oddDnCMPMoqlxkVQ4VY9uS_F0TOolVQeAJdEny1914D12rmkibHe7Wl6PxlPz4p4UhiElsApgViXYTRUrr-bMcNiRaA6EaMfRq1NFV_QY-g72yXGT4IuaT9Frg16aiyuj6ThpvIUAmhB2xg26QLTUJN7s2_JL3SwWCnFDu5RfiuzbGNSruTUcZg4Kmgm10rSQ11Fwqss0UMWdI7VjglF21ggLkikKsaL04W1MqFFP5-gcY5xjXVgFFBncnHInLDIgBFY1xOUgFUHOfUKIEnMpck7KXyDiiPnGItN-_GHsxmm-pybLZa3nQWxRMyObVeVRiMbr_GQTkTKtT-8uoaH4sjFdakLp1xkvobsuGTFfnlRXfXV-7kyLQuNQvDt0ZXg&refId=uf4h3kuRAW5TFRNYnR6SmQ%3D%3D&trackingId=9QT8yd%2BUXGMlOcHfZTRcmA%3D%3D&trk=flagship3_search_srp_jobs,05/04/2026
Regional BDR Team Manager,Canonical,EMEA (Remote),https://www.linkedin.com/jobs/view/4298264689/?eBP=NOT_ELIGIBLE_FOR_CHARGING&refId=uf4h3kuRAW5TFRNYnR6SmQ%3D%3D&trackingId=Xt6RZrINezk5X1W6xs22WA%3D%3D&trk=flagship3_search_srp_jobs,05/04/2026
"Staff Product Manager, Mobility",Deel,EMEA (Remote),https://www.linkedin.com/jobs/view/4369178898/?eBP=NOT_ELIGIBLE_FOR_CHARGING&refId=uf4h3kuRAW5TFRNYnR6SmQ%3D%3D&trackingId=YikIU%2FAvcaX5hfRt2EreMA%3D%3D&trk=flagship3_search_srp_jobs,05/04/2026
מפתח/ת BI,Elad Software Systems,"Haifa, Haifa District, Israel (On-site)",https://www.linkedin.com/jobs/view/4409890587/?eBP=NOT_ELIGIBLE_FOR_CHARGING&refId=uf4h3kuRAW5TFRNYnR6SmQ%3D%3D&trackingId=AfWribtAEUwTaOxAxN0PIg%3D%3D&trk=flagship3_search_srp_jobs,05/04/2026
Programmatic Partnerships Manager,Overwolf,"Ramat Gan, Tel Aviv District, Israel (Hybrid)",https://www.linkedin.com/jobs/view/4409861466/?eBP=NOT_ELIGIBLE_FOR_CHARGING&refId=uf4h3kuRAW5TFRNYnR6SmQ%3D%3D&trackingId=kAnmKFDG50R0QqIJuSOG1w%3D%3D&trk=flagship3_search_srp_jobs,05/04/2026
HR Business Partner,Unframe,"Tel Aviv-Yafo, Tel Aviv District, Israel (On-site)",https://www.linkedin.com/jobs/view/4409863043/?eBP=NOT_ELIGIBLE_FOR_CHARGING&refId=uf4h3kuRAW5TFRNYnR6SmQ%3D%3D&trackingId=5FBH3m6u9N01xvIYpsOQdA%3D%3D&trk=flagship3_search_srp_jobs,05/04/2026
Data Engineer,Tel Aviv Medical Center,"Tel Aviv-Yafo, Tel Aviv District, Israel (On-site)",https://www.linkedin.com/jobs/view/4407740410/?eBP=NOT_ELIGIBLE_FOR_CHARGING&refId=uf4h3kuRAW5TFRNYnR6SmQ%3D%3D&trackingId=sHMBmNgrSASfO%2Bohy9TRqA%3D%3D&trk=flagship3_search_srp_jobs,05/04/2026
Distribution Driver - נהג.ת הפצה,Medison Pharma,"Petah Tikva, Center District, Israel (On-site)",https://www.linkedin.com/jobs/view/4408389100/?eBP=CwEAAAGd8fggTIsBImcLsoTsZ__yxvS7grGF5FfTo00ewpiPqVNPD3w2cq95Bf532mLXau83lq9DwKy6ssx0SsxUXze99MrXIvfCqadFZjeewwiatPD7eXJLn2j16qLu8-XAuIcq7x9lEdYrXotAz9l-8Pq00dmcLbPGap4ewNBLMcmbL6f6iY2hc9rvjNI0tvsvjUGsP-ku4PopWdw0iUK1wJRiSN6pViynQVTrco5RU4aBdzHuchvfoWIkQDTHeYs6WdWPkrq6Ugb7xejiwNHdIdGmwTrP34IbzsIVs1GvFhmeUMkmydLpDIn9ac0zue2mlfDIqQFkEJRXHu6dP0wVtx0H9JwQdS8OJeFSPuMA0kL-o-9LSEMlXYCCWxRz6JYGw2VJ3FuQrty0VrHBkghT4Cf3KrqnBVtB11QfeaiKgP4cUBvj4vNIU-VN9DVSmYol8H86RmF59mZ9E5MbBUp1kTtKacHG2HNi4fDOX7RzJx_M4ws&refId=uf4h3kuRAW5TFRNYnR6SmQ%3D%3D&trackingId=V6h5WnlkMYwcraOOBJxstw%3D%3D&trk=flagship3_search_srp_jobs,05/04/2026
Account Manager - Restaurants ( 1 Year fixed term),Wolt,"Ramat Gan, Tel Aviv District, Israel (On-site)",https://www.linkedin.com/jobs/view/4408378959/?eBP=CwEAAAGd8fggTKxhXGORDn-ci-Xy879BEtYr88M_BizUYSkA_sbWf4nvThKYCREBDhW5QsjsQmh9XETY-OjluUcSIo9KRz-6yjHUaIBYQWbrNQvs9fTAuFaPXVOj-_UNs_CJZx3SpUgrBwTvl-AydD-7pc8cUCXkxigTtzivPORkdhwNOocv15Nf0o_xTvR0BYKmUGxKPBinBbxt4lmPMgYzZLvyvWb0YwZ_eIOxlqW0IzVjuEcL3XowTXdxF242u_1ftkpM8xJFDKQYIv8tDY6Crd00K6GD-a5_JTyP1WAh8_aKM-Il779y8FDeouXFNavcMV0IKD1lRBF65m7Li490CvU-qTHBekhX1Q-d_TFGTfXAZr3orwYQ7c1MyyncCFUdHOoTGcZhElUuN4DQkjB4bZus-YC2BIW3WtCG6DVX0TFzLIQ350RMxdUnNB_nCUEbu20pZphF211xAAMB5OVJL8_y-atgqDyIvObWyH6dQvUDfu1PCNVW-juzJroyR_Lg&refId=uf4h3kuRAW5TFRNYnR6SmQ%3D%3D&trackingId=O0PqyYZ5qy6BlmyemdXi2Q%3D%3D&trk=flagship3_search_srp_jobs,05/04/2026
Data Engineer,Yael Korentec Technologies,"North District, Israel (On-site)",https://www.linkedin.com/jobs/view/4402621251/?eBP=CwEAAAGd8fggTDXaHuIP2oIl7hXwgBWd5eH4BtUcmEfnX95yKLhKd5-nKUm_8K9B9qVS-pvbPKzJd_GanF1GBESNBUL0bg8rMw33mob5StSGXyk1rnKaRe-UehdppDLEBbwGYjDwGXJi5r8BUmSLiQWdsb8XP58FZr7uHwlmQt66fw6f1Wr-CeUsQDkTy2doqGeyCLgpkQfk5jRt9X7EW7-dMo8hq3YaEUFlwzSLpBU_1I-GvzCUAPSyr7emt2OK6ezSbwYfXFUZ-ZV8qWVNufmrqkSwXMkhd9XenJgWdM4W8XvLvZswiEcHLVgvLgkSvcZoLHgFM13bH2g2XjckX-2iPzuLByFcEvqWOBb2HbZTsFmQlh58-k11XjDX34IKTgwAFvKmjIRGrzAYF4m9e9IpBQ__COxJIHSj6mcLGOwh68I2FI0XVV-lU4XCjqzXlootJoFWhOXdr1hb5hNDVqmJlJWjC2CqekvZi4brJ6j1eA&refId=uf4h3kuRAW5TFRNYnR6SmQ%3D%3D&trackingId=TEAmzvOQTybym0MPwblFyQ%3D%3D&trk=flagship3_search_srp_jobs,05/04/2026
"DevOps Team Leader, Israel",AlgoSec,"Petah Tikva, Center District, Israel (Hybrid)",https://www.linkedin.com/jobs/view/4410001497/?eBP=NOT_ELIGIBLE_FOR_CHARGING&refId=uf4h3kuRAW5TFRNYnR6SmQ%3D%3D&trackingId=jRl9Cwa7hydnnvzNHTW3Zg%3D%3D&trk=flagship3_search_srp_jobs,05/04/2026
Senior Full-Stack Developer,Pango,"Petah Tikva, Center District, Israel (On-site)",https://www.linkedin.com/jobs/view/4408382187/?eBP=NOT_ELIGIBLE_FOR_CHARGING&refId=uf4h3kuRAW5TFRNYnR6SmQ%3D%3D&trackingId=Ph7rMCOc0V2StftdYLCoqg%3D%3D&trk=flagship3_search_srp_jobs,05/04/2026
Sales Representative for Surgical Innovations,Medtronic,"Herzliya, Tel Aviv District, Israel (Remote)",https://www.linkedin.com/jobs/view/4410025234/?eBP=NOT_ELIGIBLE_FOR_CHARGING&refId=uf4h3kuRAW5TFRNYnR6SmQ%3D%3D&trackingId=ujPSs2A7kM%2BrySj7YsncNQ%3D%3D&trk=flagship3_search_srp_jobs,05/04/2026
Lab Technician – Microbiology (Anaerobic Laboratory),Ben-Gurion University of the Negev,"Be'er Sheva, South District, Israel (On-site)",https://www.linkedin.com/jobs/view/4407721247/?eBP=NOT_ELIGIBLE_FOR_CHARGING&refId=uf4h3kuRAW5TFRNYnR6SmQ%3D%3D&trackingId=EvmGoY2RRN94dTuHC0K4WQ%3D%3D&trk=flagship3_search_srp_jobs,05/04/2026
Financial Controller,Minrav Group Ltd.,"Tel Aviv-Yafo, Tel Aviv District, Israel (On-site)",https://www.linkedin.com/jobs/view/4407733771/?eBP=NOT_ELIGIBLE_FOR_CHARGING&refId=uf4h3kuRAW5TFRNYnR6SmQ%3D%3D&trackingId=gtGLxGqZ2DGcHRAoALlDlA%3D%3D&trk=flagship3_search_srp_jobs,05/04/2026
Legal Secretary,AMBAR SITBON POTOK | Law Firm,"Bnei Brak, Tel Aviv District, Israel (On-site)",https://www.linkedin.com/jobs/view/4408757754/?eBP=NOT_ELIGIBLE_FOR_CHARGING&refId=uf4h3kuRAW5TFRNYnR6SmQ%3D%3D&trackingId=b16ZTaGmNPjN87EeTYUAZg%3D%3D&trk=flagship3_search_srp_jobs,05/04/2026
DFT Engineer,Hailo,"Tel Aviv-Yafo, Tel Aviv District, Israel (On-site)",https://www.linkedin.com/jobs/view/4409852816/?eBP=NOT_ELIGIBLE_FOR_CHARGING&refId=uf4h3kuRAW5TFRNYnR6SmQ%3D%3D&trackingId=75K4U9Xm1PHlTKnLjusE5g%3D%3D&trk=flagship3_search_srp_jobs,05/04/2026
Senior DevOps Engineer,Dream,"Tel Aviv District, Israel (Hybrid)",https://www.linkedin.com/jobs/view/4335498627/?eBP=NOT_ELIGIBLE_FOR_CHARGING&refId=uf4h3kuRAW5TFRNYnR6SmQ%3D%3D&trackingId=bS5Ihz3JxRoI5MFlHZtl5w%3D%3D&trk=flagship3_search_srp_jobs,05/04/2026
Senior DevOps Engineer,Priority Software,"Rosh HaAyin, Center District, Israel (Remote)",https://www.linkedin.com/jobs/view/4408383438/?eBP=NOT_ELIGIBLE_FOR_CHARGING&refId=uf4h3kuRAW5TFRNYnR6SmQ%3D%3D&trackingId=MD13Lwfm8mjD%2BeSN5irxEg%3D%3D&trk=flagship3_search_srp_jobs,05/04/2026
Senior Backend Engineer,AGILINA,"Tel Aviv-Yafo, Tel Aviv District, Israel (Hybrid)",https://www.linkedin.com/jobs/view/4408623046/?eBP=NOT_ELIGIBLE_FOR_CHARGING&refId=uf4h3kuRAW5TFRNYnR6SmQ%3D%3D&trackingId=J%2FdA8%2BXpZDbEzj1%2BwIEbYw%3D%3D&trk=flagship3_search_srp_jobs,05/04/2026
Language Specialist (Remote),Quik Hire Staffing,Israel (Remote),https://www.linkedin.com/jobs/view/4410005551/?eBP=CwEAAAGd8fhrJtIofSlA-2lHxDAgC9Ruvzv4JDx4yo6ohqB53tS9oHgwVk5Qwex4OnEwXePNLo5i6pOfJj2OQ8j731ffhnLXzCjrFDnz65aHQ-EdTEFrYcbnicRfIDXDpSXy9n06HjKnbz_5mylXw-elz8UIRZnNSAiNmUur3u8Sq89aTvr1WRT3jGUPTj4LwI8JKICh50Fsb0yfXmoDYP7WroF_2wNuPYWVPff9714PIqefccPtn5Djv30K423AHXLDMET5_hK43fWppFkgnIrM6mDHu9f_RKLwXC9cgRvJmG3B7e-5QAHDe5LSb-myT0WVj9Nr2hzyTegRph3lErn47xGDrTvjnS2YsZMrE1MaLHkceACFCJ2axtsM4MI3ItLydSSMLkmiTlS-rUSXoJFOnumm8TaJDpnIS_gqtLWc_hEKdilrgnaklXpBtGIrV2eOxC6wgjh1W-bdKfuDSH6npLGnzdedqXQURp7XpsNkZyfqBM7OFzuvwP1LJhjs-fgxz0FQKA&refId=s0%2Fs%2FD9NEEim99ReAtcUgA%3D%3D&trackingId=GFQV0cA%2B8cCgV3%2BYhF3R4A%3D%3D&trk=flagship3_search_srp_jobs,05/04/2026
מנהל/ת לוגיסטי/ת,IAI - Israel Aerospace Industries,"Lod, Center District, Israel (On-site)",https://www.linkedin.com/jobs/view/4317163929/?eBP=CwEAAAGd8fhrJsmabXA7pU62-kARqXvv7CuzyMMmYAUGOckC5gyKLx5WsY7BrZxGHSE_mcwqSrdlkpO35NkmsBq1p3MP2nj5yiT8in7m7diqYhr-YrQOM_AGvgKxnNIOKZpUT-mhosQ80BZONCmoi3_ADvG1oxHmvOivlT0r6LFGT6OTirMZ1g2qlwCeCT8jFNzF62f-ay2zf6B96LpTgm7hO7rNOTYN_N31rQN3_-puLYisZNavm8RhNesDEUsCRFXTfcjWafjsEwtp67mQUsvcJ_FvQcY52mpeTwPjQDk-1N8YljxGwo-6iTjiX8paJAe-YMIdrF4hWxIQ-1t6H8o8wVg9RNO3Md3YpmWgR-sRyApNiL_zQVeZU0S1o1TkfYNCpwx93p1sPVXtTe1gNYINbs_6-CNqD596pmE7DUhz1b30eUKdwuGwQu2JDiwrVI0730q0FN2B8ksqKQgZO-U_ksLn83unDDP48kUPBMJQtsS79R4&refId=s0%2Fs%2FD9NEEim99ReAtcUgA%3D%3D&trackingId=w60sQyoxYziizQZWLY2t4A%3D%3D&trk=flagship3_search_srp_jobs,05/04/2026
Priority Project Manager,מרטנס | Mertens – מקבוצת מלם תים,"Center District, Israel (On-site)",https://www.linkedin.com/jobs/view/4408380388/?eBP=CwEAAAGd8fhrJjTEavfh9IYVlWF-KsryI2hd0yEj409qYIgaluVfcbiP1z66nhEF_MeNSsXIHqb0lTtXYiTd_d0QvPaMVrmlNHRM2J8V8eC8Vc4QoKAeoe72OX96haCWoOqQDHMubfMW64g40zfqk_GIp7k-TXR8xD-JsUc1k-jBPt2mMsIl8kZ7XBEXw8PBtoQGxsmbTcl-IhcMpLHbIDTKGP3Rc3H0sufhyE0iSeSKCT1S3OSYvZTIjyMY_T7UDGBxL95_KVFsUT4Lka4PVu_zgJpAw-iq61esPkZjETEASPyGGw9dWmk0a_ZBh4lEBEjv9_xgHU_tJ5-qg5ImSOq2WZVAroVVPigpigI6_ybu08X7lWoLEbRjc7MyjGBD3QtnlebwoDv3gPjqFxc5hcikyUddSitDbIA_VOfs_FZBzUsTFM9FJEqa6VfpqI_00-OKVyHZNE9pb0kbdBbXcn6qBr8wAU7wwsCCxP6lzTeS_UDj&refId=s0%2Fs%2FD9NEEim99ReAtcUgA%3D%3D&trackingId=91RRBjaBhrTTOrKnlrlfhA%3D%3D&trk=flagship3_search_srp_jobs,05/04/2026
מנהל/ת תיקי לקוחות עסקיים - Drushim IL,yad2,"Petah Tikva, Center District, Israel (On-site)",https://www.linkedin.com/jobs/view/4405948434/?eBP=CwEAAAGd8fhrJhTLqHPs_70pVNi3gD5NmredRMlbKLhzuIwMmFEBbg5ig2WFONU0SmJzFK6nMOoftAchWXqsPJeWgFUlMBI82CXdpb8S3msC5uFhjTGo_IWCEJzIyFm23qN4N6MUjbA-2II8ui2ifdiijkzKwvok-OFkqw0x_1RzG9zxErNfb-BqhGnAolHNxXirZ_rCB6lMicG7_SNyd-w9_hHxH4bsfVTacxQ-COTfoL6ANTpVysDFhTM0E46i_A_Rgsf1nitbrfy-TCI6LupbvnlB8tdF_A05Ipl9ZiSZK3RyNbaM9GeFAr2ymtKYnqlmGR2NV4YtiYa-Yg-ilzjt9j9eeYMTThBi6v1WqYSH_DXGtBFtMuiQ1ka2INj9EkymqMdGhTjh7iGp8kvje_QqBvLaKjYwzPE_iJ0Vip0TQLAuC9zGPoUa-uPe9V5s3kYFwFxdyBwCjsmZc5fJiAia3PwQacx4SwwnTzGJOtcNJZ8M&refId=s0%2Fs%2FD9NEEim99ReAtcUgA%3D%3D&trackingId=4b8zs6QfVH4EtUTZWr8tng%3D%3D&trk=flagship3_search_srp_jobs,05/04/2026
מאפיינ.ת מבצעי.ת - מיני טקטי,Elbit Systems Israel,"Modiin-Maccabim-Reut, Center District, Israel (On-site)",https://www.linkedin.com/jobs/view/4375563389/?eBP=CwEAAAGd8fhrJ4NNOgoucDHzTqI27TrFVn3o7w-6OMeIy_5R1kTPqxOg_BH21_xC63UcVtHb92bAFru3DL5AuSIrZb-2JmrlUXU7Q7KbwoanSFW8nIXa9x86fqlqn6mMrfu0qg10dSrdl4O4DybXY1ra2bdlfTDBp1NZiFDLTZYoCdYDDFuPDw1bCVeXjDUkwf19kPC-GvQA63Jeo1Q08FBTrMarCJ_ImD9edkXUWMj33HpAW2mbU7CsCGiU7DGcH-RB6sgdTqMpqcDTGSHZ82HqX3jid5Knt0n2gRQMOeXfGx3eehb8fpUofdo1PRuyAmzck77ozEFJiOFvN3xbZR-SchgOpUerPwBhB7gIEu5H9IXz5y3qhJ5IElMUG1Na3ok8VDVo-jq4vPQLBiHFnHJ32wrQkUHrKIk8vCWhIoILiTi28xSXQYmNxymHDRA4KAeMWlJWUK0ImluJhPrNWmtVzSzGlTpUf4k9GaECrY5TPd1odmvZUQ&refId=s0%2Fs%2FD9NEEim99ReAtcUgA%3D%3D&trackingId=q7x3l5P7vjvp5YiSoYI%2BlQ%3D%3D&trk=flagship3_search_srp_jobs,05/04/2026
Product Manager - Security,Canonical,EMEA (Remote),https://www.linkedin.com/jobs/view/4157962412/?eBP=NOT_ELIGIBLE_FOR_CHARGING&refId=s0%2Fs%2FD9NEEim99ReAtcUgA%3D%3D&trackingId=Am9FDjIonvA14lDPwCJCSg%3D%3D&trk=flagship3_search_srp_jobs,05/04/2026
Java Software Engineer,Gotfriends,"Tel Aviv District, Israel (Hybrid)",https://www.linkedin.com/jobs/view/4407723223/?eBP=CwEAAAGd8fhrJ3qSy4RFYyE9SzxtIlLOP8RJwLBggIY3S6OeWHrnhpUlq-abu44ubOGDsEz2-t660iP4V_DGvC_li3Bnw4h7vbbkkdkytzcneKUsnuBD9ftuM6BU2VbiRN6yqldX0pbNG7CDhtSxSiDeTNZtzBqT9ZG6xV-kAEqtkRRujdhebYg-0gaQyzut3kBSxztPMNJdpVzJC-CXOMc56dvssWZN4wlHgccLo3vhDXXU61drRhWDZlb6BkNxN-AynA-sOv-ylcG43jt_Fk0RXRAY06U0Fuy1whLTcN4SCBGXAaM1aNAVzdaTBjjdcG3ZuaqzfxlZtQZkXeganBF_F1CcGrk3FdNonlYhBC_7EhaFOvbcEBvJ1ssFqu0YsZoPvk0xwSTsKcPVFGzKvSBwGZxKReXYsj4ltGxZevEkUwKIGqns8ZRICae94K_U_1AGLEZrRHAAWpT6WUZb0wuJRhwhdl5Lt3NtGNTcSZBsdVyvvTM&refId=s0%2Fs%2FD9NEEim99ReAtcUgA%3D%3D&trackingId=b7Y01nQEdGcGefipNtCLHA%3D%3D&trk=flagship3_search_srp_jobs,05/04/2026
Back End Developer,Ludeo,"Tel Aviv District, Israel (Hybrid)",https://www.linkedin.com/jobs/view/4407751025/?eBP=NOT_ELIGIBLE_FOR_CHARGING&refId=s0%2Fs%2FD9NEEim99ReAtcUgA%3D%3D&trackingId=PWG%2BgNKdiVh75iPBktPjQQ%3D%3D&trk=flagship3_search_srp_jobs,05/04/2026
Group Product Manager – Product Growth,Unframe,"Tel Aviv-Yafo, Tel Aviv District, Israel (On-site)",https://www.linkedin.com/jobs/view/4409858561/?eBP=NOT_ELIGIBLE_FOR_CHARGING&refId=s0%2Fs%2FD9NEEim99ReAtcUgA%3D%3D&trackingId=q9aTdU5APLRoJ9%2FtTY2HKQ%3D%3D&trk=flagship3_search_srp_jobs,05/04/2026
Electronics Engineer - DesignSpark PCB expert,micro1,EMEA (Remote),https://www.linkedin.com/jobs/view/4409876777/?eBP=NOT_ELIGIBLE_FOR_CHARGING&refId=s0%2Fs%2FD9NEEim99ReAtcUgA%3D%3D&trackingId=CTPr26RayuOWn9cnz%2FdDMQ%3D%3D&trk=flagship3_search_srp_jobs,05/04/2026
Electronics Engineer - LTspice expert,micro1,EMEA (Remote),https://www.linkedin.com/jobs/view/4409865942/?eBP=NOT_ELIGIBLE_FOR_CHARGING&refId=s0%2Fs%2FD9NEEim99ReAtcUgA%3D%3D&trackingId=iJqmNWlaFJUgPEO9bmtiZA%3D%3D&trk=flagship3_search_srp_jobs,05/04/2026
"Software Engineer, Cloud - Sustaining Engineering",Canonical,EMEA (Remote),https://www.linkedin.com/jobs/view/4286647445/?eBP=NOT_ELIGIBLE_FOR_CHARGING&refId=s0%2Fs%2FD9NEEim99ReAtcUgA%3D%3D&trackingId=tRMocUq4XTWjgGO3U%2FapQQ%3D%3D&trk=flagship3_search_srp_jobs,05/04/2026
Full Stack Engineer,Sela,"Ramat Gan, Tel Aviv District, Israel (On-site)",https://www.linkedin.com/jobs/view/4407746570/?eBP=CwEAAAGd8fhrJ3c3qu42IzLdadlPZ8IMKklSqMTlFPm6wABH1ADK19QBzoWDarXlMzb8OX0uvkwkUBHq0ueK3BqCP4_xyrAaNiEwNYtJRsyALiRPA7UrbppubUbmEJVIRYVYlPCHvq-IXDEgLx7bdzeET6YNz74MBZ6w0jp1nuOePRvgI3si7zaNDnsLsJ52xGz8PTxbxP9ictk0lFumqOFg-IMuY2lyMqzd8JzGndBh2tUmTXr6nqubTGEM8U712B-EKdDgD0UDdX2P2wunjWhdkfVswj_p8jj4l4E9ZKVwzSqn7COasLEZ_MgF5fes95Vucp4SaFRcggxIIRcnVBFqjZDpb4euGx3bCm1iJJ_J8UVw8C2qRq3FtnSHgwgTpwPaGChsnKRqyKoDfthIS4luuNOB-sehC4ZSRxpD_yMc3rWpjSn0uXESwbNz6B8FUls7va5QYxEWlv3xOVwErvadkDHgI-F61f674D8Y0AYfBhlJA07rQA&refId=s0%2Fs%2FD9NEEim99ReAtcUgA%3D%3D&trackingId=PjXC6P5mpAJ0BgJgpDHC%2Bg%3D%3D&trk=flagship3_search_srp_jobs,05/04/2026
Native Language Customer Support (Remote),Quik Hire Staffing,Israel (Remote),https://www.linkedin.com/jobs/view/4409894599/?eBP=CwEAAAGd8fi1yKEB06hX_Z0uImwiRmjWfKTfHK6admHCR-t3_Xsa6PKDDjfh3whMG5MSen8oZk82e478yiI9iIfemrH85g0HHB_5gRDuxCcB077veow3FtkWL9Jl8biGU_TvSxshV1519TmTLGb8SthgEPkdzP3DsvUpAeD4E-4OojA8wzYObC-8CsCyzRAAwyimSylrWhfwDN1YbLZzMT9bs3IK2UOkX1kvyJJpU8oy2pwMsyydIyagpRBE_5fU9ToXD20IBg3-UWmm-PYDBZ02Oiak7UNDuPaoDsAfT1-vJ3ixveQKJy51rQwYVpTCQUvH2J1HSCheFnF0VHfpGrxU-maCmlg3gVu4IFPyX0IkrIkbF3VzwaqQqDOG0w9pd2Ydy7B6UwHNIE-RWqRNYdoqC-6aJy3Onah0lku-oTgxaZU-6Tjt1JY7S3DIayehONsL_zj8ojslDUUaJY4kQ97KSTWlRcsyweXM5UzMMj7LFA&refId=Jn8bqtp42h%2BbPHMxGh2KjA%3D%3D&trackingId=7XnN2FA%2BSr%2F%2F9dKDjXlX8w%3D%3D&trk=flagship3_search_srp_jobs,05/04/2026
טכנאי/ת תהליכים,IAI - Israel Aerospace Industries,"Lod, Center District, Israel (On-site)",https://www.linkedin.com/jobs/view/4316609573/?eBP=CwEAAAGd8fi1yFjHf43EHkb3LF87xNAexyV6U8l2XlmrVV8NajGlmVOmAFGoQT-eW4Hd_RqaQDCdX9oQ-GWpLR-TbepF9YZONLuAp7-u2WoORc4S7PdTDGKSlHdU8_fZtDrbMlTCj75FrLDlwlOnWd3r8wrAagCMiR-4KXv_nCi3AbmF9PPASNL2qV9cCTkdGyEoOxhYSLTeF2AOStphrQDdkz7mYTtae11-TtD7Cj_cIYa5XZDkSL_3eqfJqFOfKSnPyGl28-_mvxrr54aG41ShOCne0KCURZQAVXtjiVxtLP5WxwHCO8txILQtdhCuVawZ8q8SkT-DSwBG23ZP03lOzdJrNcvhYKm8HkD7n51w-vzV7U1RDLKa121L5bLT2JJSvm0if9dBzgChN2mPPXdRf0uXjaPtjB4Il9Z7IMcbupw2Bi3TVPOEWPWwnzHRVYS1QM5nopExb-xzG7jpBqCBWpxTaS6rknBezYSGazn9bw&refId=Jn8bqtp42h%2BbPHMxGh2KjA%3D%3D&trackingId=eOP7USHnqepVOu%2B%2FFZAWqw%3D%3D&trk=flagship3_search_srp_jobs,05/04/2026
Database Administrator,מרטנס | Mertens – מקבוצת מלם תים,"Center District, Israel (On-site)",https://www.linkedin.com/jobs/view/4409846689/?eBP=CwEAAAGd8fi1yIfXreQtvXqnBJTRMJH3rTxDxeVN9bxK8xElggENuXQ8cVdFP9_3cLpPm3yEmvMZP8qyBr6VuwobcFQNGQggpN0Awn5ov84e4Rx_IsjuyiZuw_HlLTqLSsTcnfgbETIFf0jdyFV4lu4wDNNTsDokVAxXByjK0PxNuz0OQeVkRJj0x1O-E9fl8UsL8_CyPRhUEr6F1IcyoOc-Hi0MN9KMKA2LP-6ORMk6NIO6OXja5TYkb_cuCZJV5Qy-yarOPSe5VGJXRATyhKAnCtV_RgA33H416_1usDNw2jp9r9zi6EZNc8yO3LB1ApHUmGpplde_YcShqx8XzfEBOorgnhl1Uvk23ixE8ube0kOnKMgD2JY-I6idefMbms7tgQhzp5H3fhKdTI5_i-5aXMW7sXpxbiTYF1oo9EkkQULR8mFNrf-7au3U-ylrVKmkzz61d-Lhsf9SKWNWEvAovZQXx1HlLt-353mRJJE&refId=Jn8bqtp42h%2BbPHMxGh2KjA%3D%3D&trackingId=LbsthpL6%2FjGW%2ByvFUHJR5Q%3D%3D&trk=flagship3_search_srp_jobs,05/04/2026
Frontend Team Leader,Gotfriends,"Center District, Israel (Hybrid)",https://www.linkedin.com/jobs/view/4407721157/?eBP=CwEAAAGd8fi1yJh-w9FgVJu7XfeHofCMAq5cEP_pbSt17K5yiUjVvQI_nJ89JJqGUYuDgzarF9G9DnV5y2_JVsW4PLd5Zc4N3_r0b1GOdnHiqT_57abKzUVsCg9rDtt2T9OHs6Ieu-u2iPFM2A9AFBu-O9B2LrzOf4wrnewoW6qo81B-Y6koBsUTf19I9tzyBF3XGEeiIqbX8xs339FpmDQ9z0HjQ373hC6MtNRNyQqiNRz_TunwR-pc90mgTeY5f-NHYL8puToUIDDsxCLEik7uRYbb3WGGquyzvCR5_i0GY6pxlCkAXxGekUMgca7y9dNNAvFpMI5mJgYZ93TclVr6lJnup2YZV6iJ5EaJDnWtbhZhkxbu0JpwsYWvC8S92_HNsyP3Yu_wkROOVrBm1U5rIO78A5noAu_21z6458HoQRVM-ZsYASV-O8MLYuQFYEDrWcKjGpvLupEusbDs0gKQUH4givGZN79P5-15uJBEQg&refId=Jn8bqtp42h%2BbPHMxGh2KjA%3D%3D&trackingId=u%2Fy8fbCPXaZJ0u7uF8erqQ%3D%3D&trk=flagship3_search_srp_jobs,05/04/2026
Salesforce Project Manager,yad2,"Petah Tikva, Center District, Israel (On-site)",https://www.linkedin.com/jobs/view/4399613880/?eBP=CwEAAAGd8fi1yCMFO5UXpFDpHtyY0Kz__myub6tbeCmmj_kdIP0gyTx2GEGrK-XnDfGrj8CG_32-9ROh3SrgKZITgUan9QoLJ_pA7bCmRhHu6PtobosNa7Segnh1QYBEZPtls6y984fhBZsx38OyNALXBF5vjXqhYHQTxRm6lOOiLAUqNcKaCrJLu2kltz-d3w74b0Dq7pJik8IIDLpfmf8D4RRFPHGSNZFj2-lBFWSnj7oUo2YPzDMCQAhkQQNtEVxDVkNx1xEZEPU1THi8UKRj9-mEK92qbibGFv13cp2DGriM4WdBeQOjuObl-wXEc3Aw0KtuANjGh7deT6dSqzT218ee7UHjMt6mjkppgbmpCrK7LgJcMIF8p_ppG3sj3JJHsPSJDad8HKrig8JRFbW2SpzFhdszLBtZRFiD2iS-gpjfpyOL-bIBIASk6AQVRdoOhPhhwSV__zOjlM4kXwTTqnuJSGdyqe11tutZc_KlPQ&refId=Jn8bqtp42h%2BbPHMxGh2KjA%3D%3D&trackingId=FL0Z8MQ304zhUb%2FHxxvSAQ%3D%3D&trk=flagship3_search_srp_jobs,05/04/2026
Silicon Alliances Ecosystem Development Manager,Canonical,EMEA (Remote),https://www.linkedin.com/jobs/view/4287931162/?eBP=NOT_ELIGIBLE_FOR_CHARGING&refId=Jn8bqtp42h%2BbPHMxGh2KjA%3D%3D&trackingId=x8%2BHrD3mgWkNS2OwjWQdPw%3D%3D&trk=flagship3_search_srp_jobs,05/04/2026
Bilingual Customer Service Representative (Remote),Quik Hire Staffing,Israel (Remote),https://www.linkedin.com/jobs/view/4410007463/?eBP=CwEAAAGd8fi1yP9f2YD5KCIGOR-fplfyfPi2YxrRIzP2n0eb_SOs11MiAtP-qg0awcI0XAQfZ33FZVcGKN2K1Sen8hik1uvSusTZzgMv39ikGQFuYpPRnSIWqR9qUWMNfYqw9vRnDIuNNFzrj5puH0n90HfAi3AAga4kvEceE4StK8pvQps1VbU3H62TGIV6KyZ-d-Upg0gTpDlMTyid8jERgkl9EneyhUUQtnTApoAvPob8e5HsXn23y4QFC9tOn76lV1TcbCrwQCsLTbfa8R7XntjuTyakX3enLC_BC4lDN5D4lTvczc-2RXv0pucDrQkSbYOu_rMrv9w7-evRucQsu0Tv6_zn53WLYCC_3v_9CD9LfAIGgN7yLRIgBELrpBO59UhLW96bo3tRvqeBLZ9aixX2ZCdOSz3sNVpQaJboDTJb6iPeB6PWjVUPQXaz1JfXPgFI5fKBWs4Gh5b_g0lvy7yGbytVEos69gioPCqAtOXp-64&refId=Jn8bqtp42h%2BbPHMxGh2KjA%3D%3D&trackingId=6Z2qwV2V1kdW4XW8e%2Fq1hQ%3D%3D&trk=flagship3_search_srp_jobs,05/04/2026
Business Services Team Manager,Canonical,EMEA (Remote),https://www.linkedin.com/jobs/view/4286642886/?eBP=NOT_ELIGIBLE_FOR_CHARGING&refId=Jn8bqtp42h%2BbPHMxGh2KjA%3D%3D&trackingId=i4ZWXe2XaHD95f00J0A2LA%3D%3D&trk=flagship3_search_srp_jobs,05/04/2026
PMO,מרטנס | Mertens – מקבוצת מלם תים,"Center District, Israel (On-site)",https://www.linkedin.com/jobs/view/4409842808/?eBP=CwEAAAGd8fi1yKj49dH_u-hTTT5Y80Fs8HAkl3ee2lIWkNdUjdFgYxgkWZ_T5y_Cx0fhp1heFglpLQK3f6Pt8jbff1rYLSNNgZ1Ty-Tty7ekrhMicsuZJhafxORrNl7wBzIQNWEIzF5sdxEgqLADpkQmCfP-D9GwpcAxihU0m8gsXsXk8xUXf9ZcR98X8my_RjMSE4ODanlo9OnchnD_MeHyeq3IQrr2oO1l99N5jZbGLyBhxcuFE2-71ns-SDMRGFePUP7RohWU_0mnrgfJA8qxE4G79cfiZ8HdnnfCMfmqfVurNIY3Efe2VMUfMxkjc-w1FKcU4JQfqhwJjBq34fFHp3_F8Idj6mIMQJHEEv8pvxGi1YkKHicOeHwvGMJ3UD5Pudx3MGZus6uVRjwOt1yRJ7h_hwr_x3gpBTrgrXLliKkMzvXgcHUeeETXaYGa2laisjHCBXdoqbptaSCJR28ErLjC6eBwKuf1i7OoGBl1zejx_s4-oVvFmRj12Yw8x8_s&refId=Jn8bqtp42h%2BbPHMxGh2KjA%3D%3D&trackingId=DU%2FK%2FDQ7aheGC9iqI6EKXA%3D%3D&trk=flagship3_search_srp_jobs,05/04/2026
Global Head of GSI Alliances,Canonical,EMEA (Remote),https://www.linkedin.com/jobs/view/4287924377/?eBP=NOT_ELIGIBLE_FOR_CHARGING&refId=Jn8bqtp42h%2BbPHMxGh2KjA%3D%3D&trackingId=L%2Bejw7ETV7AeNsMB4%2Fv3Ug%3D%3D&trk=flagship3_search_srp_jobs,05/04/2026
מהנדס/ת מערכת אלקטרואופטיקה,IAI - Israel Aerospace Industries,"Yehud Monosson, Center District, Israel (On-site)",https://www.linkedin.com/jobs/view/4408384087/?eBP=CwEAAAGd8fi1yCSJNlujBpp8j8SZtlE1rySn6U6JNos6DMgRURHAXnZjs6mCDMsAbT7h-yF3wcH20erAiBZAZVnhLfEJUcuWH7Ei3BHm9MUeVmiUqMzmbdM9o8zDMpdjRyaSbAbOvUyLFL5gkZd1B_xFB-XZsXuHrenXEP2cXTgXOGdtn8ycob9vOEQ_liqXG7cSR4I9ZYFx0R0Qz7MmXHOrz7NHlysS4CbztwsA0KgZCzwlFexC1kf9cjlIrZXnWxo2VbmkN7KxZ4-wMayRgZSeac-kRT81Xn6ZsH3SmbW5zb61O3UJOcLaBKgtp96-LJDuGOVI7Sl6PP6IwEdENKoOYLzE27nJfEGVCOBwa8DZ2aao45NGL4XqufHhmu-qZGE-D-5u5Ztc18-fZSbnU_2SkawGmG4yxO1evOHA1d4p9jq4Q1rNgl4z7Iy3_k2uvfYeQ6u9Ice2VFpRoNY&refId=Jn8bqtp42h%2BbPHMxGh2KjA%3D%3D&trackingId=TL5OoNa3st5gq5N4orq5Ig%3D%3D&trk=flagship3_search_srp_jobs,05/04/2026
Embedded Linux Senior Software Engineer - Optimisation,Canonical,EMEA (Remote),https://www.linkedin.com/jobs/view/4286646535/?eBP=NOT_ELIGIBLE_FOR_CHARGING&refId=Jn8bqtp42h%2BbPHMxGh2KjA%3D%3D&trackingId=dePr9ODMu5Ccv9WUJ9H%2Baw%3D%3D&trk=flagship3_search_srp_jobs,05/04/2026
Senior Backend Engineer- Prompt Security,SentinelOne,"Tel Aviv-Yafo, Tel Aviv District, Israel (Remote)",https://www.linkedin.com/jobs/view/4410027164/?eBP=NOT_ELIGIBLE_FOR_CHARGING&refId=Jn8bqtp42h%2BbPHMxGh2KjA%3D%3D&trackingId=PLJYL1PR4ffgSo%2BfxfcvxA%3D%3D&trk=flagship3_search_srp_jobs,05/04/2026
Senior Full Stack Software Engineer,Unframe,"Tel Aviv-Yafo, Tel Aviv District, Israel (On-site)",https://www.linkedin.com/jobs/view/4409854872/?eBP=NOT_ELIGIBLE_FOR_CHARGING&refId=Jn8bqtp42h%2BbPHMxGh2KjA%3D%3D&trackingId=mA4%2BLJIIXuBPw%2FC2jC6u%2FQ%3D%3D&trk=flagship3_search_srp_jobs,05/04/2026
Software Engineer - App Stores,Canonical,EMEA (Remote),https://www.linkedin.com/jobs/view/4286640981/?eBP=NOT_ELIGIBLE_FOR_CHARGING&refId=Jn8bqtp42h%2BbPHMxGh2KjA%3D%3D&trackingId=3AtqMFa7t%2Fx57h9ODXiYRA%3D%3D&trk=flagship3_search_srp_jobs,05/04/2026
Senior Software Engineer - MAAS,Canonical,EMEA (Remote),https://www.linkedin.com/jobs/view/4287923450/?eBP=NOT_ELIGIBLE_FOR_CHARGING&refId=Jn8bqtp42h%2BbPHMxGh2KjA%3D%3D&trackingId=9yc3XNn34DVu0q9%2FbTt5LA%3D%3D&trk=flagship3_search_srp_jobs,05/04/2026
Research Development Mechanical Engineer,SCD PEOPLE,"Misgav Regional Council, North District, Israel (On-site)",https://www.linkedin.com/jobs/view/4407743300/?eBP=NOT_ELIGIBLE_FOR_CHARGING&refId=Jn8bqtp42h%2BbPHMxGh2KjA%3D%3D&trackingId=mWzXTF6q6DKhJLEGBvMi2g%3D%3D&trk=flagship3_search_srp_jobs,05/04/2026
Senior Juju Software Engineer (Go),Canonical,EMEA (Remote),https://www.linkedin.com/jobs/view/4286645618/?eBP=NOT_ELIGIBLE_FOR_CHARGING&refId=Jn8bqtp42h%2BbPHMxGh2KjA%3D%3D&trackingId=wI8aU8vvb8c1q%2BO6%2F9BTUg%3D%3D&trk=flagship3_search_srp_jobs,05/04/2026
Entry Hardware Board Designer,TracePCB,"Netanya, Center District, Israel (On-site)",https://www.linkedin.com/jobs/view/4407730669/?eBP=NOT_ELIGIBLE_FOR_CHARGING&refId=Jn8bqtp42h%2BbPHMxGh2KjA%3D%3D&trackingId=psA5B5qWTm5xTTkDjNvAFA%3D%3D&trk=flagship3_search_srp_jobs,05/04/2026
Senior/Staff/Principal Engineer,Canonical,EMEA (Remote),https://www.linkedin.com/jobs/view/4286644668/?eBP=NOT_ELIGIBLE_FOR_CHARGING&refId=Jn8bqtp42h%2BbPHMxGh2KjA%3D%3D&trackingId=AQp%2Fnwp0ZxcR%2F0Bihg8jrw%3D%3D&trk=flagship3_search_srp_jobs,05/04/2026
Golang Engineer,Canonical,EMEA (Remote),https://www.linkedin.com/jobs/view/4286642910/?eBP=NOT_ELIGIBLE_FOR_CHARGING&refId=Jn8bqtp42h%2BbPHMxGh2KjA%3D%3D&trackingId=ho5Qn2Aq3cHRg2JLZEyFlA%3D%3D&trk=flagship3_search_srp_jobs,05/04/2026
Hardware Development Engineer,Eshed Group,"Beer Yaakov, Center District, Israel (On-site)",https://www.linkedin.com/jobs/view/4407742449/?eBP=NOT_ELIGIBLE_FOR_CHARGING&refId=Jn8bqtp42h%2BbPHMxGh2KjA%3D%3D&trackingId=7GOn5sfwBj5CiUQZdmFbQA%3D%3D&trk=flagship3_search_srp_jobs,05/04/2026
C++/Rust Graphics and Windowing System Software Engineer - Mir,Canonical,EMEA (Remote),https://www.linkedin.com/jobs/view/4287923455/?eBP=NOT_ELIGIBLE_FOR_CHARGING&refId=Jn8bqtp42h%2BbPHMxGh2KjA%3D%3D&trackingId=hvpB0dxiwIYOA%2FKRA0CksA%3D%3D&trk=flagship3_search_srp_jobs,05/04/2026
Golang System Software Engineer - Containers / Virtualisation,Canonical,EMEA (Remote),https://www.linkedin.com/jobs/view/4287925361/?eBP=NOT_ELIGIBLE_FOR_CHARGING&refId=Jn8bqtp42h%2BbPHMxGh2KjA%3D%3D&trackingId=4%2FUGQGaAiH2%2F24PF%2FclbhQ%3D%3D&trk=flagship3_search_srp_jobs,05/04/2026
Adult Cardiac surgery Resident,Kaplan Med. Center,"Rehovot, Center District, Israel (On-site)",https://www.linkedin.com/jobs/view/4407709760/?eBP=NOT_ELIGIBLE_FOR_CHARGING&refId=Jn8bqtp42h%2BbPHMxGh2KjA%3D%3D&trackingId=u5f8OYf%2BexYwBvenT0R7QQ%3D%3D&trk=flagship3_search_srp_jobs,05/04/2026
HR Experience Specialist | Israel,Deel,EMEA (Remote),https://www.linkedin.com/jobs/view/4377931986/?eBP=NOT_ELIGIBLE_FOR_CHARGING&refId=34YZZSP%2Fys%2FIVr0iKHxKvA%3D%3D&trackingId=%2BdEKaYgnIqtQ%2BIbuDoFghw%3D%3D&trk=flagship3_search_srp_jobs,05/04/2026
Electronics Engineer - DesignSpark PCB expert,micro1,EMEA (Remote),https://www.linkedin.com/jobs/view/4409876777/?eBP=NOT_ELIGIBLE_FOR_CHARGING&refId=34YZZSP%2Fys%2FIVr0iKHxKvA%3D%3D&trackingId=anLSvPttMwVl4iXq3avn4w%3D%3D&trk=flagship3_search_srp_jobs,05/04/2026
Data Science Engineer,Gotfriends,"Tel Aviv District, Israel (Hybrid)",https://www.linkedin.com/jobs/view/4407702930/?eBP=CwEAAAGd8fjdln8e5q9JcXjJv0OMs4lItSxClBWhfOyQI0O9m7KFrf5EYUpdDT0NsXU_bCn3PYGIX5xD3Y7C21WyROFZT7rKMoNlCr9d5dCOliEAvm2VD5nuQYxCN-h9h96OrSZDDi01zrQ5cnjkj-0xsbwxjQPsMc_Kl0SAkTvBS_OKAV55qNVEnhZBfANNrPXh-eSdQarnqGmnotw_px2Jd8EnAY231yO7YEt_UyvXXm4GRko-DzsJXxroeVtdqRS3x2IEJdT4FjQ2GK22JHVOac2ZbtvH7kirBP9JBOA0YmufabmMkfeRN0GA-DOPriO25rGOXLMJcD64CD1DQOzq3aZ2EGq6AYtIjkqjPK7vEEzR9mnkS_LoVsuLe94MZYTN0Vq7_tmsDCt91keZgQP6EIvP1Uwi-SE7M8nN0kpNtrkArDoOVkOCznbO1KSXouAUXAA0sC60aFvElmDTd2tA7bSX&refId=34YZZSP%2Fys%2FIVr0iKHxKvA%3D%3D&trackingId=vbTHhdcaAywsc7qg8WksoA%3D%3D&trk=flagship3_search_srp_jobs,05/04/2026
Legal Counsel,Quantum Machines,"Tel Aviv-Yafo, Tel Aviv District, Israel (Hybrid)",https://www.linkedin.com/jobs/view/4408367780/?eBP=CwEAAAGd8fjdl-OYG-96Sxl3BcgIaJHDdWJgUxBg9GHhwB8mSSgqG2S8PDRm_Cw6Ipf_4ARknF9mjG2PGGqgQhDDDTxs0mx6Qh1FFSXW_p1LT9Xukfw1i4NdTB_u0mj0CG709fkpc2BqgRrbJIAh3YJriv0fZhpIUdQrFZL8_3hsTJYmDAAC4fTFlV5RdyZ-4dA5ufTpkcc5lAW44pHtpMw5QO6LL2PalnDDqEZ2H7_OUsLSpLHF8oQnmQEXLeWqDWtwTaXUmxaEjYdqKx4ppPUZhs4tfSfQlfTfA_JczrBsTJctZhMEVYlnU1R4DqW5Bi-XADgNLUn6Zoj7I-yiR-Ttb7Whk4EyEj2Hs4Oj5Ej8e1Pubi_A5PKFuzpyvf4UMx4XfvT7sOvbsX6EdgoAJPZ3dvFKvvOq7K_flfQc77rLki0jCcqEYVr41gJ28s_8-q6PE4hPjOAgAmfmshzFFwfKDV6P&refId=34YZZSP%2Fys%2FIVr0iKHxKvA%3D%3D&trackingId=2Nfv%2Bth4Ok0TUZUsLrHRmw%3D%3D&trk=flagship3_search_srp_jobs,05/04/2026
Real-Time Embedded Firmware Verification Student,Intel,"Petah Tikva, Center District, Israel (On-site)",https://www.linkedin.com/jobs/view/4377258030/?eBP=CwEAAAGd8fjdl6tWGD5ybyL20sS4Z9KQsZnqNwYefg4BGjGmyvJqIapBbb3uPwRWn6_I-5tMukyiKTzdz51eHULw1OPZnVcXZGZxSgh1e8AdHAlbOmQgjcX05NE7g33ssggEDS1WuLR3pQbuQZYNj_oWwsizbeNjjsqcNWwoMmq6F5zuynUC4VfIQWrCRNFfX8u-yjSdYH6WoVBU32l3uRgWIGIe1qpg3mvwuBjo22c4TvaJld0LaVQypY08GC15QMPIyjtQ0EyoXx_I1LUjhayFRcguImlPGtrMbG5VPOpCSqXrCadJWtbsOnYqRE6txEIJw3O_ye7fpmsaeRu2c3Gh4rG2RBq28YwcSDWBOk6c_1rtrjxedJubU8q630a1zBSWZRpFs9GIHcKhHg2vlXTwrOwO86l3VOX4z20VlwREt-t95CMZD9_RdgXQ-bM5APy54G44pyRabBoB7vygA1RJ4_Dy&refId=34YZZSP%2Fys%2FIVr0iKHxKvA%3D%3D&trackingId=8VpGzduTgYU6N91SCPTCIg%3D%3D&trk=flagship3_search_srp_jobs,05/04/2026
Full Stack Engineer,Confidential Careers,"Tel Aviv District, Israel (Hybrid)",https://www.linkedin.com/jobs/view/4402883786/?eBP=CwEAAAGd8fjdl9JVk6aSHtlqBT2PF0ElkdUbwX5B_G4Dnh3fC_xHr8oWzRxUAQ8AJd3Fsw41PF5eV-DjynBsPxIaip_bjZJb8OiUltn51pFNBtqcP08SYwU_zWbUkH7NEmBMSDoiXk1s1e9Cvy7xpqK0IyaDMcHZsbe4D7o9aK3_2Va-4MDk8K0kqS80bmTNQMm8mfGYemndq39WHG0Iv3s1J87JaDRm-qVl2Q3ewKqEFOp4aTAOZm50t-tbyKGNBV8igE3Ggi2X_63Q3qJVAEMuE-aoOkEhmpmagDsTBBWN61m9kLAyItHdjgDJZ5gWSuKyD_W-_tIvca3WhsYTXngAXceS1uVHq6fLil1w5siPkpo9QZ2npidYGxgxgcoTEfndX0Z_l1955F8Es7-5aJGrK55vV4Ewg2zZ1wbHuEh2HqM7X667nsB-NP3BKLWMlJ9bCz4A1D5_oX75jx2BLq_EGCdj&refId=34YZZSP%2Fys%2FIVr0iKHxKvA%3D%3D&trackingId=0%2B4mTeBeSVM6ElBLaJx9UQ%3D%3D&trk=flagship3_search_srp_jobs,05/04/2026
Director of Finance,Pacaya HR Experts,"Center District, Israel (On-site)",https://www.linkedin.com/jobs/view/4408385050/?eBP=CwEAAAGd8fjdlysJ3pZueWLOjyNdQ_OPIx8xvf_p4v9kyiPV-aOt5sFtu1XgzBxnczteQ4DvqbNayL5WSVmyaSWe40Hx3VSbb2Avdw6TWUsGJZ6KxAdI9Plk3k6VNAPf_UmmTgUP6LdVGfnZzB7AU6IJFN_BNlKWsucJgsSXaENRWUICyufEICC9QclYkmeoy_FEZm24LrwRdQDvuD_gnRTJXM07RpaadCE0_HAkjap1oXkYeJyz8DWPiZ0CGD34y7dudBXg9stzVhIqBzRrxasQHPfbdXtOFxBDtogdnsktYd5BT3_tH_d1DjjZ_PCvOugbmd07IElHx2qG7hMIdCRiJa86sHOTm3JNenS1kn7rI3XIXj-WSO1WfMGjpHKjC7mMKEJZBxft93Pm89oc_o3QITyjiPmo6wMvoYai4ZmEqFwYin3FCs1eHBso_GmlW5hes3Zk1lyyf4v1wwQRTsp9fe6s&refId=34YZZSP%2Fys%2FIVr0iKHxKvA%3D%3D&trackingId=rNjE294VmCf3g7Ozq0FKXg%3D%3D&trk=flagship3_search_srp_jobs,05/04/2026
Sr Principal Engineer Software (Cortex Cloud),Palo Alto Networks,"Tel Aviv-Yafo, Tel Aviv District, Israel (On-site)",https://www.linkedin.com/jobs/view/4399367931/?eBP=CwEAAAGd8fjdl7VvsBPP-XAyDwRWfn9xnMGmqKS-RwkoICwefq7hwt0DMQjbe_orMwp-zGsXRD6fDYhvMur5VyjtgDb8ZQ_PxY0i1xZmWX08W6U4Fa4cuuB3b2Zo4axBATs5Mtm6YQV0mgAy4o7ia2EH3OSkIoy5NEBt9smSApW_DscS8K-tdDnr76DUXRzc_8iNVaGGQ2dml_9g2sMNA7-9_8IjWa3D1GuQjkbOKh5EuKQhgr0AijbdI89da8WKapC8bwixIkGwDkWu0lvQp868d_IbGfKgDjB1Q6gBEaJRoHtT3_FapJ-xk6SEwuuBga30yT0QmSJL-DMVRFpyH_0J9JEXWq6WoF7oxTbJ2AqKf44RYV_zNsNL4NMGqNl0wwDe_zHg4P-OE4N6vL5zHsR9oWQy-OTmeRm5MVZPLw0bEOGK_5gCSPuFvsniknjewQBRDA&refId=34YZZSP%2Fys%2FIVr0iKHxKvA%3D%3D&trackingId=f7hmNkUC7nreB6exZ7VEKw%3D%3D&trk=flagship3_search_srp_jobs,05/04/2026
Back End Developer,Ludeo,"Tel Aviv District, Israel (Hybrid)",https://www.linkedin.com/jobs/view/4407751025/?eBP=NOT_ELIGIBLE_FOR_CHARGING&refId=Kf05yvyooqoFHwYqSQEVIw%3D%3D&trackingId=DiZOg66xM1ivs9hKVqYOPQ%3D%3D&trk=flagship3_search_srp_jobs,05/04/2026
Legal Counsel,Quantum Machines,"Tel Aviv-Yafo, Tel Aviv District, Israel (Hybrid)",https://www.linkedin.com/jobs/view/4408367780/?eBP=CwEAAAGd8fkpRdCdngfWp1wAijRVrLxuKRHo5C5Ru6-8o2uDHwkHh8wDHCJCpAJBjeJ-P_zFgxjCR3pv_TPKdJoKZ8BZxplEzl2eOExvu6pgcqX6SLpCvAa-gkjqFtICFEvOiVj9_ExcmvWcuBPMWFwMYMY2eBdgJjzlVf5znezqoVk8ZRylTJMeQIRupu04wB0lcqg18z4S37x2J7ojg5dvLFVW7Kx-psOFL6QDRn9ghDd1ZS3okF76Uk_XApF0Q_elRx-f0-RopkbmP2dKeorMl8zMZ9kZMc3fMqoce86UFBSXksG8jk9VRBqivUKvmPK0FquwTs6mcoTfvJMOye8hWlORt28RPUDIXtTgIXv-rV_lOOTlwGFfTcyGYQYP2VYzZpWkmDvuSgCAnL6q8VaKSYLN213bZZqq0DaA7LgxloNZ3DD_8LY25lnKyBYdR-kw0i-aFR8q2_qD8rvPmdY&refId=Kf05yvyooqoFHwYqSQEVIw%3D%3D&trackingId=Y35V%2Ff9iNVU%2BEzKhUzcfTQ%3D%3D&trk=flagship3_search_srp_jobs,05/04/2026
Real-Time Embedded Firmware Verification Student,Intel,"Petah Tikva, Center District, Israel (On-site)",https://www.linkedin.com/jobs/view/4377258030/?eBP=CwEAAAGd8fkpRYyyhlvXG5o_-Nep5OHRwamM5tsmhMS1yU5T9JOWcLAKArkNNRmMi3ls8dKWcVvIloiWIc-9GKTI0_068mwOGdg-GpRyhowL7-91GakTn9_9ya9O0RXJr5RkSWVPpW-1O45FL7i0e1fX1w3Fcu8ws47L7mHem2Hvelw7Dx4MsgJau9ppppmbcF6KSDGoRklJCNswGET3gL5wf5_OQIeiNlwF2BFfaSjsdXuA-jqWt6rVXwik4STHwwK56QDMGrhZIx_CR9Qh_sdvqijZdK98ZRw_eat4_BHXUegJyPUC7ViyjhWeNNK1qnvnXWSfIrm_ZcYjLj5zlT7qqhzhueaMujdUMTGwN-lF2ajF9qwl9YQVeUzcvdejKK3IloePIeN3duGE8o1JacQXQ-w49MshJ3C99k_gbQhK0ywL9We_iTPeSwihLH50p-rE2_1PVwqBPlc9TkhvxPI&refId=Kf05yvyooqoFHwYqSQEVIw%3D%3D&trackingId=UoAjXB3JbJkvkDJukWQY9w%3D%3D&trk=flagship3_search_srp_jobs,05/04/2026
Full Stack Engineer,Gotfriends,"Tel Aviv District, Israel (Hybrid)",https://www.linkedin.com/jobs/view/4407296908/?eBP=CwEAAAGd8fkpRdlE87X40wK1sEj-KvSz-ww1kMvOYWXeBAH1iP_vcm6RALQCEyk1v9x6UB2JQmESmczSa_-oUxQqXs-9Oed0jRk97q9pQ5N6Qq-_yopeAG1mZHjuke2TG6c-BRaqVS9u7e4nzBtevnrwQVjKK_OwR40cbc9yFaqT0v8e0wqLoWNcMP1Vnp7Cay68DPfB8Cam1cNgCeXliMt8JcoolbJTjYOQ0A8iYtsL8pF39_EmwserAG9qRJz0pS6XOARsTJoj09XXjCyog9Bs7yqORpxKyU0qk30Rcxz-EuYbT1g6hIC4pQQFs5xw90zmHbza4BHzB8yYU5Iqu0XpSQPq2zkSo4aNyLk9tojkAd-73j8DCgGvCxTTtSV98RnBE9374eiJK6axn6iZXyTyyEitKhFlEKmChHJB9FgXBUrXXO_wqOEC3kqgx-e0PRWAp31_Zoo9opxEmDOde68&refId=Kf05yvyooqoFHwYqSQEVIw%3D%3D&trackingId=tY7%2BEqgQ0G19s8gcWh0w4Q%3D%3D&trk=flagship3_search_srp_jobs,05/04/2026
Full Stack Engineer,Confidential Careers,"Tel Aviv District, Israel (Hybrid)",https://www.linkedin.com/jobs/view/4402883786/?eBP=CwEAAAGd8fkpRQNCAJvxsBQDPDkuJXhcjZZxrac7402UGEV53hpqHG2ozyp4t0ytTWRvHTzYy0SyN6B-lb1BWU93tKBpYv08LTUa5lNhPZWuXkXyLscVgOjXd0-iF0QGhkDtrSlCbCEx6Sy_fk1nsHU-UKJWpaxRkgLKItUQnYisZTg9x4bFlzKnNecHnyHgWpq9R5uR-ehWnG5GEKBShqyUWmNO2nFSg-toRrTJcrySxGxX_Rv2OUiCcv7vArut7--z_2Af-yUKhVhRmxNZBL23knpu4Lnoy-DDENXpXc9Z9kuwhBH5KRpJWzXHJTZKc4IUm7IDrI5qEKzh014IktrezL1LLCiUidbMZnyydNPNTVTQsCCcPhobfHyEuvJrmfTCBNpbfJst2DENi89iJ0ttL3uV3PUw6sHQO799j_bk-EVqOplc-QBAd9-iTIqpolzeK0d3rG4PJoOOg0slV24&refId=Kf05yvyooqoFHwYqSQEVIw%3D%3D&trackingId=UzD5D%2Bg%2FgNHNCTUaf8UoQg%3D%3D&trk=flagship3_search_srp_jobs,05/04/2026
Director of Finance,Pacaya HR Experts,"Center District, Israel (On-site)",https://www.linkedin.com/jobs/view/4408385050/?eBP=CwEAAAGd8fkpRblfCP_pYSRIsCQrNnv2QhfBjUAfrXi7BNyceVgWJEUZquNP6zTpxdsGkn5Lpi_MA1xfVo5Cw3eTgkWdHw261uG0NH7FfaTpzqlASSSCWIt8QCZPHdz94yZhRVt0OZ2VQIGi6KRAvasltBYVUjH3jYWaANgP1q5ApK-plTYrMH0Rgiab-_cqbFCs5g47iJ_WOCkzbpfVc0RoU80nVV53pVMexAwhBXkXW-URuNyROVg-BoHvbL6RbjE9YL62wuSYBziyEb_xdQlNv14RQsdbv5EafFUrhYZSOLj6J3GZ3TUi2AMsoz1PPO5iaL4xXsljhcnpKudsYnWzrlOABjxdWCkEmN9sokLv4BmCoFpyWdfTmRetTgJj6yJ6XhhtVi1UE2Zb2UZSAXpSmgkK6GJL-CGO1TyN5GkGHklwLgchwsizlVr7k8RXsd1WZOW9qyXNpy-lxtt7fKs&refId=Kf05yvyooqoFHwYqSQEVIw%3D%3D&trackingId=p4iyh89Ts5qW%2F7qknWFdrw%3D%3D&trk=flagship3_search_srp_jobs,05/04/2026
Sr Principal Engineer Software (Cortex Cloud),Palo Alto Networks,"Tel Aviv-Yafo, Tel Aviv District, Israel (On-site)",https://www.linkedin.com/jobs/view/4399367931/?eBP=CwEAAAGd8fkpRprKRm9wKnD0Jco0ZaxXjFliGkdbA0kEBYyMU8_O3Vye8xhIaoo9Oy3IZGriJtKgG0nEMbgFUHFRHHlp6u2C_7qFgt6SlzNCv9UkMnZjaYn26caR-pURCvr1wtslsvr75sMJJiY1YjxHWruqjvXEYvgUkY58IcvmAFIdyet7n7VxU-dPrm55Vvu6DYsQ26UqXdWrPcKY3su2dfhOdnDrXswcP-YnH8Y4uO0wNy3e94SE9SE6FokPSYlz5B6pxKhhpTHathQBzTv4mf2ws0MiXAdCV3fMhPqiFvUoKUEUYNjdcSlnzEDVF_0r4v9BZw_PBPK30-X5xz9uONJQsd-fQs6iF30-8fj5nXliDWlVFivC01mp_Gs17FGJO0NTLbyJemclAsdb4Efwt9se_UNVczu-KkZHQ5oj6lCsheoA23Wi3gBgyat3&refId=Kf05yvyooqoFHwYqSQEVIw%3D%3D&trackingId=sUH%2FtizB4FskuyrsAwVIAA%3D%3D&trk=flagship3_search_srp_jobs,05/04/2026