title,company,location,date,url,department,workplace_type,description,source
דרוש\ה מזכיר\ת שירות לחברת מחשוב וסייבר,,,,https://www.taasuka.gov.il/he/Applicants/jobdetails?jobid=07f5f3f1-672e-4764-a0b8-4168d6bc707b,,,": עבודה בחברה ותיקה וטכנולוגית . מענה לשיחות נכנסות . תיעוד פניות במערכת CRM והפניה לגורם מטפל המתאים . הקלדת תעודות , ועבודה עם לקוחות וספקים. משרה גמישה : ניסיון בעבודה עם מחשב . יחסי אנוש ושירותיות ברמה גבוהה. סדר וארגון . יתרון להבנה בעולמות מחשבים וסייבר לא חובה ניתן לקבל הדרכה גם במקום ) .",taasuka
לגני האיכות של ניוטון דרושות נשות חינוך לגיל הרך,,,,https://www.taasuka.gov.il/he/Applicants/jobdetails?jobid=873ec3dc-f3b9-463d-9574-348678a3c982,,,: בואו אלינו עוד היום ותזכו לחנך את דור העתיד ולהשפיע לחיוב על מאות משפחות מדי שנה! בואו אלינו עוד היום ותזכו לחנך את דור העתיד ולהשפיע לחיוב על מאות משפחות מדי שנה! הצטרפו לניוטון ותהנו מ: ● תנאים סוציאליים מעולים ● סביבת עבודה חמה ומשפחתית ● אפשרויות קידום אטרקטיביות ● הכשרה מקצועית על חשבון הארגון ● עבודה בצוות איכותי ומקצועי : * ניסיון בעבודה עם ילדים - יתרון משמעותי * רצינות ואחריות * רצון ללמוד ולהתפתח מקצועית * אהבה לגיל הרך * יכולת עבודה בצוות,taasuka
מנהל/ת חשבונות סוג 2/3 / חשב/ת שכר,,,,https://www.taasuka.gov.il/he/Applicants/jobdetails?jobid=0906e1b5-985a-4144-92a2-00b339753c98,,,": התפקיד כולל: ביצוע הנהלת חשבונות לחברות ועצמאיים והכנת משכורות. העבודה הינה במשרה חלקית (60%) עם אופציה להגדיל את היקף המשרה עד למלאה. *קיימת גמישות בשעות*. קורות חיים במייל : - ניסיון של שנתיים לפחות בעבודה במשרד רו""ח/יועץ מס - יתרון - ידע במערכת השע""מ של רשות המיסים - יתרון - ידע בתכנת ריווחית - יתרון - ידע ושליטה בתכנות אופיס - חובה - שיקלולית - יתרון - תכונות אופי נדרשות: דיוק, חריצות, אמינות, ראש גדול, מסירות, יחסי אנוש מצוינים ויכולת עבודה בצוות. מנהל/ת חשבונות סוג 2/3",taasuka
מתאם/ת אופרציית מכירות (Back Office) – לחברת ארגוקום,,,,https://www.taasuka.gov.il/he/Applicants/jobdetails?jobid=e00a2431-12c2-4e77-8af3-954fa5ca942f,,,": אנחנו מחפשים את ה""מנוע"" של מחלקת המכירות שלנו בראשון לציון. אם את/ה טיפוס של ""תקתוק"" משימות, סדר מופתי ושירותיות גבוהה – מקומך איתנו. מה עושים ביומיום? תמיכה אדמיניסטרטיבית מלאה בסוכני השטח. ניהול הצעות מחיר, מעקב הזמנות וקשר ישיר מול לקוחות. סנכרון מול מחלקות הרכש, המחסן והמעבדה. : מה אנחנו צריכים ממך? שליטה ב-Office (חובה). הכרת Priority – יתרון משמעותי. יכולת עבודה בצוות וזמינות מיידית למשרה מלאה. למה לבוא אלינו? מיקום: 5 דקות הליכה מרכבת ""משה דיין"". סביבה: חברה טכנולוגית יציבה עם אווירה משפחתית. תנאים: מעולים למתאימים/ות.",taasuka
לחברת ארגוקום דרוש/ה תותח/ית מכירות B2B לשטח,,,,https://www.taasuka.gov.il/he/Applicants/jobdetails?jobid=eadcdf80-68f9-46f5-991b-ccd41d5ca991,,,": אנחנו מובילים את עולם ה-Video Conference והתקשורת, ומחפשים מנהל/ת תיק לקוחות עם ""רעב"" וזיקה טכנולוגית. אנחנו לא מחפשים רק ""עובד/ת"", אנחנו מחפשים שותף/ה לצמיחה. מה התפקיד כולל? איתור וגיוס לקוחות B2B ואינטגרטורים. ניהול ושימור תיק לקוחות קיים. עבודת שטח דינמית ועצמאית. : מה אנחנו מחפשים? ניסיון במכירות B2B – חובה. זיקה לעולמות הטכנולוגיה/תקשורת – יתרון משמעותי. אסרטיביות, יוזמה ויכולת ניהול זמן עצמית. למה כדאי להצטרף לנבחרת של ארגוקום? 💰 תנאים מעולים: שכר מתגמל + מודל בונוסים למתאימים/ות. רכב צמוד: לטובת עבודת השטח. מיקום מנצח: המשרדים בראשון לציון, בדיוק 5 דקות הליכה מתחנת רכבת ""משה דיין"". יציבות וצמיחה: חברה ותיקה ומובילה שנמצאת בתנופת צמיחה מתמדת. חושב/ת שזה התפקיד הבא שלך? נשמח להכיר! שלחו קורות חיים",taasuka
דוור לחלוקת עיתונים,,,,https://www.taasuka.gov.il/he/Applicants/jobdetails?jobid=cb55dfe0-0be3-417d-a1c4-0f0765a727e2,,,": דוור/ית לחלוקת עיתונים שכר גבוה כ-50 ש""ח לשעה(ברוטו),בונוסים למתמידים/ות גמישות בשעות תנאים סוציאליים אפשרות למשרה חלקית התחלה מיידית : אמינות התפקיד דורש כושר פיזי נכונות להתמדה לטווח ארוך חריצות רצינות",taasuka
אחראי/ת משק ותחזוקת משרד,,,,https://www.taasuka.gov.il/he/Applicants/jobdetails?jobid=c65c97fc-4d80-4fef-b3ce-2b9a0eecc228,,,": בס""ד למשרד מוביל באווירה דתית בגבעת שאול דרוש/ה: אחראי/ת משק ותחזוקת משרד לתפקיד מרכזי ואחראי הכולל ניהול שוטף של סביבת המשרד ברמה גבוהה ודאגה מלאה לרווחת הצוות. התפקיד כולל: * ניקיון, סדר ותחזוקת המשרד * ניהול משק בית משרדי באופן עצמאי * דאגה שוטפת לנראות, לארגון ולאווירה נעימה * זיהוי צרכים וטיפול יזום בנראות המשרד מי מתאים/מה לתפקיד? איש/ה אחראי/ת, מסור/ה ובעל/ת ראש גדול, שנהנה/ית לקחת אחריות ולנהל סביבת עבודה באופן עצמאי, עם גישה אכפתית ויכולת לראות את התמונה המלאה. היקף המשרה: עדיפות משרה מלאה (כ-8 שעות ביום) אפשר לבחון משרה חלקית שכר: הולם למתאימים/ות העסקה: עבודה קבועה ויציבה לטווח ארוך בלבד סביבת עבודה איכותית, מכבדת ונעימה. : דרישות: * סדר וארגון ברמה גבוהה * יכולת עבודה עצמאית וניהול משימות מקצה לקצה * יוזמה ולקיחת אחריות * אמינות ויחסי אנוש מצוינים",taasuka
לגני האיכות של ניוטון דרושות נשות חינוך תותחיות לגיל הרך!,,,,https://www.taasuka.gov.il/he/Applicants/jobdetails?jobid=9d90ab9f-e994-42f2-a8cc-e5a61d80a440,,,: בואו אלינו עוד היום ותזכו לחנך את דור העתיד ולהשפיע לחיוב על מאות משפחות מדי שנה! הצטרפו לניוטון ותהנו מ: ● תנאים סוציאליים מעולים ● סביבת עבודה חמה ומשפחתית ● אפשרויות קידום אטרקטיביות ● הכשרה מקצועית על חשבון הארגון ● עבודה בצוות איכותי ומקצועי : * רצינות ואחריות * רצון ללמוד ולהתפתח מקצועית * אהבה לגיל הרך * יכולת עבודה בצוות,taasuka
חשמלאי/ת מוסמך/ת,,,,https://www.taasuka.gov.il/he/Applicants/jobdetails?jobid=1155716d-582a-4bc3-8c0c-ff81f6465689,,,": חשמלאי/ת מוסמך/ת לבית מלון יוקרתי בזכרון יעקב. העבודה כוללת: עבודות חשמל כלליות בכל רחבי המלון עבודה במשמרות כולל שבתות וחגים: בוקר: 7-15 ערב 15-23 שכר יאמר בראיון : תעודת הסמכה -חובה, ניסיון בעבודה דומה-חובה, אחראיות, קפדנות, רצינות, יחסי אנוש טובים, רצון ונכונות לעבודה במשמרות",taasuka
קונדיטור/ית,,,,https://www.taasuka.gov.il/he/Applicants/jobdetails?jobid=aba97cbd-c60d-4cde-babd-3580f756f4ac,,,": קונדיטור/ית למאפיה בבנימינה התפקיד כולל: עבודות קונדיטוריה מגוונות משרה מלאה: א-ו 6-14 שכר יאמר בראיון. : ידע וניסיון בקונדיטוריה- חובה, מקצועי/ת. אמינות. חריצות. זריזות.",taasuka
תומך/ת  JB-210 IT,,,,https://www.taasuka.gov.il/he/Applicants/jobdetails?jobid=01967429-782e-4ac4-8f51-375c58bf7857,,,": תומך/ת IT לחברה מובילה בזכרון יעקב התפקיד כולל: תומך/ת טכני למשתמשי קצה HELP DESK בתחום התוכנה וחומרה. תמיכה טכנית במשתמשי קצה בסביבת MICROSOFT, תמיכה בסיסית למערוכות השונות בארגון (ERP, CRM), תיקון תקלות מדפסות (חומרה ותוכנה) וציוד קצה אחר, התקנת מחשבים (חומרה ותוכנה), הדרכת משתמשים ועוד משרה מלאה: תנאים טובים למתאים/ה. : ידע במחשבים והבנה טכנית טובה, מוכנות ללמידה מתמידה - חובה, יכולות פתרון תקלות טובה - חובה, יכולת הסברה טובה - חובה, יכולת לעבוד תחת לחץ - חובה,TEAM PLAYER - חובה, שליטה טובה בעברית - חובה. יתרון: ניסיון בעבודת HELP DESK, ניסיון בתיקון מדפסות, סיום קורס מחשבים / רשתות / תקשורת, שליטה באנגלית ו/או גרמנית - חובה אחראיות, רצינות, יחסי אנוש טובים",taasuka
מתכנן/ת רתמות  JB-319,,,,https://www.taasuka.gov.il/he/Applicants/jobdetails?jobid=9b31d69d-2002-4648-8a1f-386a5b489835,,,": מתכנן/ת רתמות למחלקת הפיתוח לחברה מובילה בזכרון יעקב התפקיד כולל: תכנון ושרטוט רתמות בהתאם לסטנדרטים צבאיים, באמצעות HarnWare ו?MS Visio, העברה מפיתוח לייצור, יצירת עץ מוצר, הכנת טבלאות זיווד (חוטים), ניתוב הרתמות במערכת ה-ERP (מאסטר להוראות ייצור), וכתיבת הוראות עבודה, הגדרת תכנית ביקורת וכתיבת הוראות בדיקה, ליווי ייצור דגם ראשון, הטמעת שינויים הנדסיים, ביצוע כיולים תקופתיים לצבתות רתמות וכתיבת הוראות עבודה לשימוש בכלי הקרימפ (Crimping tools), תמיכה שוטפת ברצפת הייצור בתחום הרתמות, עדכון ותחזוקת תוכניות בדיקה (Cable Tester) במערך הייצור, ייצור רתמות לצורכי בדיקות ואבות-טיפוס, ביצוע משימות נוספות בתחום התפקיד לפי צורך משרה מלאה: א-ה 8-17 שכר יאמר בראיון העבודה : הנדסאי אלקטרוניקה או תחום דומה- חובה, ניסיון של שנתיים ומעלה בתחום ייצור רתמות צבאיות - חובה, דיוק גבוה, אמינות ויכולת ריכוז מעולה, שליטה באנגלית טכנית כתובה- חובה, יכולת עבודה עצמאית ולקיחת אחריות, שליטה מלאה ביישומי אופיס ( (Word, Excel, Outlook - חובה, שליטה בתכנת HarnWare ו-MS Visio – יתרון משמעותי. ניסיון בקריאת שרטוטים טכניים, תיעוד טכני והכנת הוראות עבודה – יתרון, נכונות ללמידה מקצועית ולהתפתחות בתפקיד",taasuka
חווט/ת כבלים 14104 JB-28,,,,https://www.taasuka.gov.il/he/Applicants/jobdetails?jobid=bf0391d2-0749-4417-803a-bd132399a76c,,,": חווט/ת כבלים לתעשיות בית אל בזכרון יעקב. התפקיד כולל: השחלת כבלים, עבודה פיזית משרה מלאה: 7:20-17:00 שכר יאמר בראיון. קיים מערך הסעות מחדרה, אור עקיבא, פרדס חנה, יקנעם : ידע טכני , עבודת צוות, נכונות לעבודה פיזית, אחראיות, רצינות, ראש גדול",taasuka
שרטט/ת  JB-323,,,,https://www.taasuka.gov.il/he/Applicants/jobdetails?jobid=560f70ed-3e3c-4c6d-b14d-9fe4bab85896,,,": שרטט/ת למחלקת בנייה לחברה מובילה בזכרון יעקב התפקיד כולל: שירטוט אדריכלי, שירטוט מערכות חשמל ומים, כיבוי ואנינסטלציה משרה מלאה / חלקית: א-ה- גמיש ובתיאום מול מעסיקה. שכר יאמר בראיון העבודה : ניסיון בתחום - חובה, שליטה ביישומי מחשב - אקסל, וורד- חובה, ידע בתוכנת רויט- יתרון, ידע בתוכנת אוטוקד - יתרון, יחסי אנוש טובים, ראש גדול, אחראיות",taasuka
עורך/ת דין JB-237,,,,https://www.taasuka.gov.il/he/Applicants/jobdetails?jobid=216bea32-2dab-4cf5-892e-ebbbd6873803,,,": עורך/ת דין לחברה מובילה בזכרון יעקב התפקיד כולל: עבודה בתחום החוזים ומסחר בינלאומי, ליווי ויישום תהליכי ציות פנים-ארגוניים, שיתוף פעולה עם מחלקות ויחידות שונות בארגון משרה מלאה: א-ה 8-17 שכר יאמר בראיון העבודה : ניסיון רלוונטי בתחום החוזים/משפט מסחרי בינלאומי - חובה, ידיעת השפה העברית והאנגלית ברמה גבוהה - חובה, יכולת ניתוח משפטי ברמה גבוהה, דיוק ותשומת לב לפרטים, יחסי אנוש מצוינים ויכולת עבודה עצמאית ובצוות",taasuka
עובד/ת פס מזון,,,,https://www.taasuka.gov.il/he/Applicants/jobdetails?jobid=9b437a7e-aa4a-42d8-8b04-870e37e24e79,,,": למסעדה בעיר דרוש/ה גריל מן. הכנת מזון על הגריל, הכנת סלטים. : שירות אדיב ויעיל, עבודה מאומצת , יכולת לעבוד במשמרות.",taasuka
"נהג/ת אוטובוס שיוכשר לתפקיד,",,,,https://www.taasuka.gov.il/he/Applicants/jobdetails?jobid=fcc68cca-4433-4eca-ad87-24fadc488458,,,": נהג/ת אוטובוס שיוכשר לתפקיד, בעל רשיון ב' או ג'- אפשרות גם רשיון ב' נסיון של שנתיים לפחות , : נהג אוטובוס שיוכשר לתפקיד, בעל רשיון ב' או ג'- אפשרות גם רשיון ב' נסיון של שנתיים לפחות , ר.פ נקי ,וללא עבירות תנועה.",taasuka
סטודנטים/ות לאגף מערכות מידע ומיחשוב,,,,https://www.taasuka.gov.il/he/Applicants/jobdetails?jobid=007a4bd7-766c-4a48-adf6-665e4725c02f,,,": סטודנטים/ות לאגף מערכות מידע ומיחשוב,במרכז הרפואי שמיר תיאור התפקיד: סיוע מקצועי בתחום מערכות מידע - מתן תמיכה טכנית למשתמשי מערכות מידע, ביצוע בדיקות קבלת של מערכות חדשות , הדרכות, תכנות במידת הצורך. סטודנט/ית הלומד/ת במוסד להשכלה גבוהה המוכר על-ידי המועצה להשכלה גבוהה : סטודנט/ית הלומד/ת במוסד להשכלה גבוהה המוכר על-ידי המועצה להשכלה גבוהה - עדיפות לתחומי מדעי המחשב/מערכות מידע/הנדסת תעשייה וניהול עם התמחות במערכות מידע.דרישות נוספות רצויות: אוריינטציה טכנית גבוהה ידע/התמחות/ניסיון/עניין במערכת Salesforceידע בSQL ו Power BIכישורי הדרכה, סבלנות ויחסי אנוש מעולים",taasuka
עובד/ת ניקיון,,,,https://www.taasuka.gov.il/he/Applicants/jobdetails?jobid=01eb7e34-0dfb-493f-ba26-12f85e8396b4,,,": עובד/ת ניקיון בבית חולים ממשלתי, ביצוע פעולות כגון איסוף ופינוי פסולת ממחלקות רפואיות, טיפול בוילונות וחלונות ניקיון : עבודה במשמרות, א'-ה' כולל שישי, שבת לסירוגין",taasuka
דרוש/ה קופאי/ת לאיקאה - סניף נתניה,,,,https://www.taasuka.gov.il/he/Applicants/jobdetails?jobid=ccbcced8-0ec7-4406-9b87-bdc870272d8d,,,": עבודה מול קופה, סריקת מוצרים, עמדת מודיעין. סיוע ללקוחות בקופת שירות עצמי. משרה מלאה, עבודה במשמרות, שישי לסירוגין. : שירותיות, יחסי אנוש טובים, סדר ואירגון. נכונות לעבוד 5-6 ימים בשבוע כולל יום שישי (לסירוגין)",taasuka
טכנאי/ת תקשורת,,,,https://www.taasuka.gov.il/he/Applicants/jobdetails?jobid=8562e990-2121-4a32-ba29-0978638fda28,,,": התקנת מתח נמוך, השחלת כבלים , התקנת מצלמות אבטחה וכו' : ידע טכני חובה , ניסיון יתרון",taasuka
עובד/ת נשקייה,,,,https://www.taasuka.gov.il/he/Applicants/jobdetails?jobid=f1ec0502-ec91-4b47-bb33-2a50f41dcc18,,,": ניהול מלאי נשק ותחמושת , ניפוק ציוד בשגרה ובחירום. ביצוע תיקוני כלי נשק, הזמנת ציוד וכיו''ב . נשק מוסמך : בוגר/ת שרות צבאי, קורס נשקים שלב 11-חובה ,ראיה טכנית, יסודיות, אחראיות גדולה, יכולת עבודה בצוות,היקף משרה מלאה, איוש המשרה כרוך בראיון ,יכולת מעבר מבדקים ביטחוניים,מבחני השמה והכשרה על חשבון החברה.הגעה עצמית",taasuka
טלר/ית בבנק,,,,https://www.taasuka.gov.il/he/Applicants/jobdetails?jobid=050ed982-e41c-434d-a716-161876a3be93,,,": טלר/ית בבנק - ניהול קופה, שירות פרונטלי ללקוחות הבנק - משיכות, הפקדות, מסמכים קו""ח במייל בלבד : ניסיון כטלר/ית בבנק – ניהול קופה, שירות פרונטלי ללקוחות הבנק - משיכות, הפקדות, מסמכים. ידע בעבודת מחשב. ימים ושעות של עבודה: משמרות בוקר ימים ראשון - חמישי 8:15-13:45, שני ורביעי יש בנוסף גם משמרת ערב קצרה15:45-18:15 . שכר: 35 ש""ח לשעה",taasuka
עובד/ת כללי משרה 1612,,,,https://www.taasuka.gov.il/he/Applicants/jobdetails?jobid=87c6e987-5d1c-4b46-a28f-7b18f6eddff8,,,": עבודה בעמדות ייצור שונות במפעל, כולל עמדת טרומלים ומכונת שטיפה הפעלה ותפעול של ציוד ייצור כחלק מתהליך העבודה הכנת חלקים ומשלוחים בהתאם לדרישות הייצור תמיכה בזרימת העבודה בין תחנות הייצור : קריאת פקודות עבודה בעברית חוש טכני ויכולת עבודה עם מכונות יכולת שימוש בכלי מדידה )כגון קליבר( ניסיון קודם בהפעלת מכונות – יתרון",taasuka
איש/ת מכירות שטח,,,,https://www.taasuka.gov.il/he/Applicants/jobdetails?jobid=97d44470-1c23-4b77-8089-ae361508a355,,,": איש/ת מכירות שטח לחברה ובילה בתחום הרכבים בקיסריה התפקיד כולל: מכירות בשטח, פגישות עסקיות בבית הלקוח, ניהול וליווי תהליכי מכירה מורכבים ועוד מרה מלאה: א-ה 8-17 רכב צמוד למתאימים/ות שכר יאמר בראיון העבודה : רישיון נהיגה - חובה, ניסיון במכירות שטח- חובה, ניהול משימות, אחריות, רצינות, אמינות, יחסי אנוש טובים, סבלנות",taasuka
פקיד/ת בק אופיס,,,,https://www.taasuka.gov.il/he/Applicants/jobdetails?jobid=ffb38f43-5c85-43a5-b56c-df5c7a4f7741,,,": פקיד/ת בק אופיס לחב' בפארק קיסריה התפקיד כולל: מתן מענה לפניות של לקוחות בתחום שירות ואספקה,תיאום מועדי אספקה ללקוחות החברה, הקלדת הזמנות למערכת, פתרון בעיות שירות ועוד משרה מלאה: א-ה 8-16 קיימת גמישות שכר יאמר בראיון העבודה : ידע וניסיון בתחום - חובה, ,ידע בישומי מחשב ואינטרנט- חובה, אחראיות, רצינות, דייקנות, יחסי אנוש טובים",taasuka
נהג/ת משאית עד 15 טון משרה 1487,,,,https://www.taasuka.gov.il/he/Applicants/jobdetails?jobid=9215eb74-1435-4dd0-ab21-66b478440be0,,,: הובלת סחורה ללקוחות וספקים. - פריקה והעמסת סחורה באתרי בנייה - אחריות על שינוע הסחורה בזמן. - נכונות לעבודה פיזית. - נכונות לעבודה במשרה מלאה + שע נוספות. : רישיון נהיגה 15 טון + מנוף – חובה,taasuka
מהנדס/ת אוטומציה,,,,https://www.taasuka.gov.il/he/Applicants/jobdetails?jobid=939e5ec7-1ca1-4736-b109-8635a48a2c1f,,,": מהנדס/ת אוטומציה לחברה המייצרת מכשירים רפואיים בקיסריה התפקיד כולל: מענה הנדסי מלא לצרכי האוטומציה, הרובוטיקה והמכניקה באתר הייצור,, אפיון, תכנון, פיתוח ותמיכה , הובלת תחום הרובוטיקה, תמיכה טכנית שוטפת, יישום, פתרונות בקווי הייצור, פיתוח ואימות תהליכי ייצור משרה מלאה: 06:30-16:30 (אין גמישות בשעות) קיים מערך הסעות: מאור עקיבא, חדרה, חריש ופרדס חנה. שכר יאמר בראיון : תעודת הסמכה של מהדס/ת מכונות - חובה, ניסיון בהנדסת מכונות של לפחות 4 שנים בתחום הרפואי בייצור - חובה, ידיעת השפה האנגלית ברמה טובה - חובה, ידע וניסיון בתכנת SolidWorks - יתרון, ניסיון בתכנות PLC/Siemens/Beckhoff /Allen - יתרון, רקע בעולמות הזרק פלסטיק, הרכבות אחראיות, רצינות, יכולת עבודה עצמאית, יחסי אנוש טובים",taasuka
Customer Success Manager (CSM),,,,https://www.taasuka.gov.il/he/Applicants/jobdetails?jobid=2a48f539-63d9-45f1-9c78-b265c24b66d9,,,": לחברת שירותים ותוכנה מובילה, חדשנית וצומחת – עם מוצר חכם בעולם ניהול הידע ללקוחות עסקיים – אנחנו מגייסים Customer Success Manager (CSM) זה לא עוד תפקיד ניהול לקוחות- זו הזדמנות אמיתית להיכנס לעמדת השפעה, לעבוד עם לקוחות אסטרטגיים, ולהיות מי שמוודא שהם באמת מצליחים עם המוצר. מה מחכה לך בתפקיד? הובלת לקוחות אסטרטגיים מקצה לקצה – הטמעה, ליווי וצמיחה חיבור בין עולם העסקי לטכנולוגי – ולהפוך מוצר לערך אמיתי בשטח עבודה צמודה עם פיתוח, מוצר ותמיכה – והשפעה אמיתית מבפנים פגישות שטח עם לקוחות – לא רק מאחורי מסך עבודה מול ספקים בינלאומיים וניהול ממשקים טכנולוגיים תפקיד משולב משרד + שטח (מרכז/שרון) הכולל רכב עבודה עם לקוחות מובילים ולמה זה שווה לך? תפקיד עם השפעה אמיתית וחשיפה להנהלה מוצר חזק עם ערך אמיתי בשוק אופק התפתחות מקצועי וניהולי תנאים מצוינים למתאימים/ות ניסיון מחברות אינטגרציה- יתרון משמעותי. : מעל 10 שנות ניסיון, עם לפחות 5 שנים בניהול לקוחות B2B בעולמות ה-IT / תוכנה / אינטגרציה הבנה או היכרות טכנולוגית עם עולמות ה IT והאינטגרציה בישראל (תשתיות, חומרה, תוכנה) ניסיון כ-Account Manager / PAM/ PBM – יתרון גדול מישהו/י שיודע/ת להזיז דברים, לעבוד עצמאית ולהוביל תהליכים הבנה פיננסית בתחומי מסחר בענף ה IT. רצון ויכולת להשקיע ללמוד ולהתמחות בתחום חדש. אנגלית ברמה גבוהה",taasuka
מנהל/ת בקרת איכות,,,,https://www.taasuka.gov.il/he/Applicants/jobdetails?jobid=011aeae0-2c41-4050-ac0b-9770d7ed326a,,,": מנהל/ת בקרת איכות, לניהול צוות הבקרים והובלת תחום, ניהול קשר ישיר מול ,(ISO) האיכות בחברה. התפקיד כולל אחריות על יישום תקני איכות לקוחות, הפקת דוחות וביצוע מבדקים פנימיים וחיצוניים. ניהול והובלת צוות הבקרים, כולל פיקוח מקצועי, הדרכה ומתן כלים לשיפור ביצועים. בניית תהליכי עבודה סדורים והבטחת יישומם בהתאם לסטנדרטים הארגוניים. ניהול קשר שוטף עם לקוחות בנושאי איכות, טיפול בפניות, תלונות ושמירה על שביעות רצון גבוהה. הכנה ISO, ליווי וביצוע מבדקים פנימיים וחיצוניים אחריות על הפקת דוחות איכות, ניתוח נתונים ומתן המלצות לשיפור תהליכים. קידום תרבות איכות בארגון והטמעת נהלים ותהליכים חדשים. : ניסיון קודם בניהול צוות בתחום בקרת איכות- חובה. חובה. -ISO ידע והיכרות מעשית עם תקני איכות, בדגש על כישורי תקשורת בינאישית גבוהים ויכולת לנהל קשרי עבודה מול לקוחות. יכולת עבודה עצמאית, ניהול מספר משימות במקביל ועמידה בלוחות זמנים. יכולת ניסוח גבוהה בכתב ובע""פ, לרבות הכנת דוחות מקצועיי ם. השכלה רלוונטית (הנדסאי/מהנדס תעשייה וניהול, איכות או תחום קרוב)- יתרון. .Priority ובמערכת Ofice שליטה מלאה ביישומי אנגלית ברמה טובה (קריאה וכתיבה)- יתרון.",taasuka
מדריך/ה מוביל/ה,,,,https://www.taasuka.gov.il/he/Applicants/jobdetails?jobid=52f81561-fb6b-49cd-88a4-7309e8f33ed2,,,": מדריך/ה מוביל/ה לצהרון עירוני בקריות בפיקוח של משרד החינוך. במסגרת התפקיד: עזרה בהכנת שיעורי בית והפעלה במשחק בכיתה ובחצר עבור קבוצה של 20 תלמידים בכיתות א'-ג' בגילאים 6-10. העבודה במשרה חלקית בימים א'-ה' מ 12:00-17:00. העבודה מתאימה גם לסטדונטים/יות / חיילים/ות משוחררים/ות ופנסיונרים/יות. : עברית ברמה טובה-חובה. גישה נעימה לילדים, יכולת הדרכה וניהול קבוצה-חובה. נכונות פיזית למשחק עם ילדים בחצר-חובה. כישרון אמנותי מכל סוג שהוא (נגינה/ציור וכיו""ב)-יתרון. במסגרת הקבלה לעבודה נדרש אישור היעדר עבירות מין (עבור גברים) ואישור היעדר אלימות מול קטינים (עבור גברים/ נשים).",taasuka
רפרנט/ית גבייה משרה 1500,,,,https://www.taasuka.gov.il/he/Applicants/jobdetails?jobid=358b6de2-8482-4545-a5e5-993d1fe3d886,,,: - עריכת חשבונות לקבלנים. - ביצוע גבייה ובקרת תשלומים מצטברים. - עבודה מול ממשקים פנים וחוץ ארגוניים כגון קבלנים ומנהלי פרויקטים. - עבודה מול דוח גיול. - קריאת כרטסת ותנועות יומן. : ניסיון בתחום הגבייה קבלנים - חובה אקסל ברמה גבוהה - חובה. ניסיון על מערכת פריורטי - יתרון משמעותי,taasuka
עובד/ת כללי/ת,,,,https://www.taasuka.gov.il/he/Applicants/jobdetails?jobid=544588c9-c51a-4d11-9707-0c4f6ce174bc,,,": עובד/ת כללי/ת לשטיפת רכבים עבור מוסך בקריות. משרה מלאה א'-ה', 08:00-16:00, ו' 08:00-14:00. : נכונות לעבודה פיזית- חובה. אחריות ורצון לעבוד-חובה.",taasuka
מכונאי/ת אחזקה 1455,,,,https://www.taasuka.gov.il/he/Applicants/jobdetails?jobid=c76a8cf4-b21e-4951-bd07-e2b1e5f30c65,,,": ביצוע תחזוקה מתקדמת וטיפול בתקלות של מערכות ההידראוליקה והפנאומטיקה שמירה ואחזקה שוטפת על ציוד הייצור , טיפול בתקלות מכאניות ושיפור תהליכי ייצור : ניסיון בתחום המכאני - חובה",taasuka
מנהל/ת משרד,,,,https://www.taasuka.gov.il/he/Applicants/jobdetails?jobid=310ed4de-90c5-4456-86e0-2b576ef35250,,,": מנהל/ת משרד (זמני לשנה - עם אופציה לקליטה) מתן שרות ללקוח קשר שוטף ללקוחות בנושאים מגוונים כגון: ימי עיון / כנסים, תיאום פגישות, הקמת לקוחות חדשים, סקר שביעות רצון, מענה טלפוני, ביקורי לקוחות, אירוח, אישורי כניסה לאורחים ונהגים. תיאום סיורי לקוחות במפעל מול כל הגורמים הרלוונטיים. הכנה ומשלוח עדכונים שונים ללקוחות, כולל עדכוני מחירים ללקוחות השוק המקומי. מעקב אחר מטלות ומשימות. עבודה ותחזוקה של מערכת ה- CRM. הכנת חומר ל - KPI. תיאום פגישות למנהלים באגף ולמנהלי המכירות. ניהול ביטוח אשראי - מקומי /יצוא. דיווחים ל- BDI. ניהול שטרות חוב. ארכיב חיצוני. ביקורת גושן מקומי/יצוא : ניסיון 3 שנים ניסיון בניהול משרד בתחום השיווק והמכירות אנגלית ברמה טובה יכולת ביטוי גבוה בכתב ובעל פה יחסי אנוש ותקשורת בין אישית מכוונות לשירות למידה עצמית חשיבה מערכתית יצירתית עבודה בצוות סיעור מוחות שימור ותיעוד ידע שליטה בשימושי מחשב OFFICE / CRM שימושי מחשב מערכת ERP",taasuka
מחסנאי/ת,,,,https://www.taasuka.gov.il/he/Applicants/jobdetails?jobid=1691d4c0-55ca-4af5-91bf-a46a91fe18ca,,,": מחסנאי/ת לחברה המייצרת מכשירים רפואיים בקיסריה התפקיד כולל: קבלת סחורה, פירוק סחורה, הפקת יומני תנועות מלאי, קיוט, החזרה לספקים, משלוח ללקוחות/סוכנים, טיפול במלאי מת/איטי, ארגון המחסן, עבודה פיזית של העברת מוצרים ואחסונם, עבודה במחשב מול מערכת מידע תפעולית, עבודה על מלגזה ועוד משרה מלאה: א-ה- 6:30-17 ימי ו בהתאם לצורך קיים מערך הסעות: מאור עקיבא, חדרה, חריש ופרדס חנה. שכר יאמר בראיון : 12 שמות לימוד- חובה, רישיון מלגזה - חובה, ידע בסביבה ממוחשבת: אופיס, וורד אקסל- חובה, ידיעת השפה העברית והאנגלית ברמה טובה - חובה, ניסיון מעשי בחברה רפואית - יתרון ניסיון בעבודה בתקני אבטחת איכות ואיכות רפואית (ISO9001:2008 ו- ISO13485:2003) אחראיות, רצינות, יחסי אנוש טובים",taasuka
מפעיל/ת מכונות,,,,https://www.taasuka.gov.il/he/Applicants/jobdetails?jobid=6b033d03-85f6-4aa5-b457-82a34f457bad,,,": 1. תפעול המתקן ובכללו ציוד בשטח המתקן (כגון: משאבות, מחליפי חום, ברזים). 2. ביצוע סיורי שטח ורישומים, מעקב אחרי מאפייני התהליך בשגרה. 3. מתן מענה ראשוני באירוע חירום. 4. עבודה על פי כללי בטיחות ואיכות הסביבה. 5. תיאום, הכנה והשגחה על פעילות אחזקה. אין צורך בניסיון קודם. הכשרה מקצועית תינתן במקום. : רקע טכני רצון ללמוד",taasuka
נציג/ת שירות לקוחות משרה 1576,,,,https://www.taasuka.gov.il/he/Applicants/jobdetails?jobid=764a8cdb-4965-4eab-8523-c376dc9abfa1,,,": מענה טלפוני לשיחות נכנסות טיפול בצ'אטים אונליין מענה לפניות במייל תיעוד פניות ופתרון תקלות בשיתוף צוותים פנימיים : ניסיון בשירות לקוחות – יתרון שליטה טובה ביישומי מחשב ידע בפריוריטי – יתרון יכולת התנסחות גבוהה בעל פה ובכתב תודעת שירות גבוהה, אדיבות וסבלנות יכולת עבודה בצוות ובסביבה דינמית",taasuka
נציג/ת שירות - מוקד 103 חברת החשמל,,,,https://www.taasuka.gov.il/he/Applicants/jobdetails?jobid=5a43a59b-2959-4661-a10e-0633c836128e,,,": למוקד 103 חברת החשמל בצ'ק פוסט דרוש/ה נציג/ת שירות מהות הפעילות: מתן שירות ללקוחות חברת החשמל שעות פעילות המוקד: ימים א'-ה' 08:00-19:00 עבודה במשמרת בוקר+ערב. ימי ו' לסירוגין – 08:00-13:00- חייב! אין אפשרות לאילוצים בוקר 08:00-17:00, ערב 10:00-19:00- יש מקום להתגמש 3 משמרות באמצע שבוע מתוכם 2 משמרות ערב + שישי לסירוגין. קורס הכשרה: 5 ימים בשעות 8:00-17:00 התחייבות: 6 חודשים. הגעה: שטלים מתחנה מרכזית חיפה לב המפרץ (כקילומטר מהתחנה המרכזית). : בעל/ת תעודת בגרות מלאה ניסיון קודם במוקד טלפוני (שירות לקוחות, תמיכה טכנית וכו') – יתרון נכונות לעבודה במשמרות כולל עבודה במשמרת בוקר ובמשמרת ערב. 3 משמרות באמצע שבוע מתוכם 2 משמרות ערב + שישי לסירוגין.",taasuka
עובד/ת ניקיון,,,,https://www.taasuka.gov.il/he/Applicants/jobdetails?jobid=dadc4ac9-40ac-4e7e-a76e-a6009dd9a65c,,,": עובד/ת ניקיון למקום ציבורי בקרית שמונה, העבודה כוללת ניקיון שירותים ופינוי אשפה, משרה מלאה , ניידות. : נכונות לעבוד בניקיון במקום ציבורי, כונות עבודה פיזית, רק רצינים/ת, ניידות",taasuka
עובד/ת תפעול מגורים,,,,https://www.taasuka.gov.il/he/Applicants/jobdetails?jobid=176bc87c-1443-4ff4-9166-525cf3d694e6,,,": אספקת חומרי ניקיון והפעלת דלפק מידע ושירות לחניך מהשעה 07:30 עד 17:00 למתן מענה שירות וטיפול בתקלות בקשות טיפול בקידוד ושיבוץ והערות ושמירה על חווית שירות מקסימלית לחניך. הכנת דוחות ניקיון חדרים על בסיס יומי. ביצוע בקרת ניקיון חדרים C/O בתחילת כל שבוע לאחר ניקיונות סופ""ש והעברת דו""ח מפורט למנהל חברת הנקיון לשיפור רמת הניקיון. ביצוע בקרת ניקיון יומית במתחם המגורים, כולל מטבחונים, שטחים ציבוריים ופינות עישון והעברת דיווח למנהל חברת הנקיון במקרה וישנם פערים. ניהול ורישום מלאי מאגר מפתחות לכלל החדרים במבנה המגורים. הכנת דוחות ושיבוץ חדרים. החלפה ושינויים לפי דרישת הסגל וקידוד חניכים. בקרה ודיווח שוטף על תקלות תחזוקה מול מחלקת האחזקה ביצוע ביקורות יומי העברת דיווחים שוטפים על תקלות למנהל המגורים. בקרה על המחסנים במתחם המגורים ותיאום מול מערך הלוגיסטיקה בהערכות לניקיונות סופ""ש ואספקת לובנה. בדיקה שוטפת של הציוד במטבחונים והמתכלים. ביצוע ממשק אל מול ג'ון ברייס הדרכה בכל הנוגע ליציאת קורסים לחניכת שטח וקיצור או הארכה של קורסים. תיאום מול סמב""צ המכללה בכל הקשור לקורסים מתגברים ותכנון ניקיון סופ""ש בהתאם. : השכלה: תיכונית לפחות, תודעת שירות גבוהה – חובה, ניסיון עם ריבוי משימות ויכולת עמידה במצבי לחץ. ראייה מערכתית.• אחריות ומסירות לתפקיד, תקשורת בינאישית ויחסי אנוש טובים.יכולת עבודה באופן עצמאי וכן בעבודת צוות.,נכונות לעבודה מאומצת.ניידות חובה",taasuka
מפעיל/ת מכונת CNC משרה 1532,,,,https://www.taasuka.gov.il/he/Applicants/jobdetails?jobid=5e725ee7-1108-4708-9d7d-bde62653f83d,,,": מפעיל / כוון CNC: מחרטה / כרסומת / משולבת – Okuma , Citizen הפעלה וכיוון נכון של מכונות CNC מרגע הרכבת כלים עד ליציאה חלק תקין . כיוון והתאמה של מערכת CNC לייצור חלק הראשוני בהתאם לדרישות השרטוט ותוכנית הייצור. ביצוע איפוס כלים והגדרות SetUp למכונה . : ניסיון בהפעלה / כיוון מכונות מסוג לפחות 3 שנים – מומלץ חוש טכני , ידע בקריאת שרטוטים ,ידע בתהליכי עיבוד שבבי, יכולת שימוש הנכון בכלים מדידה, הבנה בסיסית לפחות בתהליכי תכנות של מכונה. נכונות לעבודה עם שעות נוספות , משמרות לילה בהתאם לדרישות עבודה.",taasuka
מכונאי/ת JB-64,,,,https://www.taasuka.gov.il/he/Applicants/jobdetails?jobid=61f3b05e-43a3-4f05-b430-678f40659d71,,,": מכונאי/ת לחנות מפעל למוצרי בשר בגן שמואל התפקיד כולל: בדיקה לפני קנייה, תיקון והשבחת אופנועים, ביצוע טיפולים ואחזקה שוטפת לאופנועי כביש ושטח. משרה חלקית: 8-14 שכר יאמר בראיון העבודה : ניסיון במכונאות בתחום הדו גלגלי – יתרון, רישיון אופנוע A - יתרון אחראיות, אמינות, ראש גדול, דייקנות, סבלנות, יחסי אנוש טובים",taasuka
"עובד/ת לחנויות ש.א.ל תעשייה אווירית נתב""ג",,,,https://www.taasuka.gov.il/he/Applicants/jobdetails?jobid=d85208d4-53ad-4680-a69b-3007e8cea739,,,": עובד/ת לחנויות ש.א.ל תעשייה אווירית נתב""ג המשרה כוללת: - קליטת ופריקת סחורה. - סידור סחורה במדפים. - קופה. הסעות חברה ארוחת צהריים מסודרת שכר טוב : - שירותיות. - יחסי אנוש טובים. - אחריות.",taasuka
מזכיר/ה,,,,https://www.taasuka.gov.il/he/Applicants/jobdetails?jobid=6d2d9ee2-a8e8-4298-a1a5-97320a6f919c,,,": מזכיר/ה קביעת פגישות, ביצוע הזמנות רכש, עבודה מול ספקים והשתתפות בישיבות מחלקתיות. מעקב אחר תוכניות עבודה. קו""ח במייל בלבד : ניסיון בתפקיד דומה - חובה, שליטה במלאה בתוכנת האופיס - חובה!! כולל אאוטלוק,ORACLE יתרון, אדיבות, שירותיות, יכולת ביצוע מספר משימות במקביל, אסרטיביות, עבודה מול ממשקים רבים בארגון, משרה מלאה 7:30 עד 16:30",taasuka
ניקיון משרדים,,,,https://www.taasuka.gov.il/he/Applicants/jobdetails?jobid=9f5b577c-34b5-46fd-9be7-92f23b970482,,,": חברה קווסטליין חדרי בריחה בע""מ מגייסת עובדי ניקיון במשמרה חלקית בערבים. שעות משרה: משעה 16:00 עד 20:00. התפקיד כולל ניקיון משרדים, מדרגות, שירותים ומעלית. : אחריות וזמינות",taasuka
מנהל/ת חשבונות  + חשבשבת,,,,https://www.taasuka.gov.il/he/Applicants/jobdetails?jobid=59d05ab1-fc32-4ce9-b4c9-4a8177f0b5c4,,,": מנהל/ת חשבונות + חשבשבת חובה ניסיון קודם בתחום הלקוחות - חובה שליטה בתוכנת הנהלת חשבונות + חשבשבת + אקסל -מעקב אחרי גבייה וטיפול בפיגורים , עבודה מול לקוחות החברה ומתן מענה שוטף + גבייה במפעל שמייצר פירות יבשים, פיצוחים ומוצרי מזון . עבודה מידית , העבודה במושב ורדון צמוד לסגולה , יש להעביר קורות חיים במייל : מנהל/ת חשבונות + חשבשבת חובה ניסיון קודם בתחום הלקוחות - חובה שליטה בתוכנת הנהלת חשבונות + חשבשבת + אקסל + מעקב אחרי גבייה וטיפול בפיגורים , עבודה מול לקוחות החברה ומתן מענה שוטף + גבייה במפעל שמייצר פירות יבשים, פיצוחים ומוצרי מזון .",taasuka
"מזכיר/ת משרד לחברה מובילה בתחום הנדסת המים-  החלפה לחל""ד עם אופק",,,,https://www.taasuka.gov.il/he/Applicants/jobdetails?jobid=e31b08c8-54fe-4520-81fa-3ed3ebec473e,,,": מזכיר/ת משרד לחברה מובילה בתחום הנדסת המים-חברת הנדסה מובילה ומקצועית מרחיבה את השורות ומחפשת דמות ייצוגית, מסודרת ואנרגטית- החלפה לחל""ד עם אופק אמיתי להשתלבות קבועה בחברה. התפקיד הינו רב-תחומי ומשלב עבודה משרדית לצד תחומי אחריות שונים: עבודה בצוות אדמיניסטרציה, ניהול שוטף של המשרד ומענה אדמיניסטרטיבי לצוות המשרד והמהנדסים, ניהול יומנים מורכבים ותיאום פגישות. בנוסף, עבודה מול ספקים, לקוחות ורשויות, אחריות על סדר, ארגון ומשימות משרדיות שוטפות. היקף המשרה: משרה מלאה 8:00-17:00 (קיימת גמישות עם השעות). אין אפשרות למשרה חלקית! מיקום: קיבוץ רמות מנשה -יכולת הגעה עצמית. יכולת הגעה עצמית לקיבוץ רמות מנשה. אנחנו מציעים סביבת עבודה מקצועית, משפחתית ונעימה, הזדמנות ללמוד על עולם התכנון הבנייה והמים ותנאים טובים למתאימים/ות. רק פניות העונות על כל הדרישות תיענינה. : ניסיון קודם באדמיניסטרציה – חובה, שליטה מצוינת בישומי Office(דגש על Outlook ו Excel)-כולל נוסחאות מורכבות- חובה! תודעת שירות גבוהה אדיבות ויחסי אנוש מעולים, סדר וארגון ברמה גבוהה ויכולת עבודה בצוות., ניסיון בעבודה עם תוכנת הMonday – יתרון משמעותי.,היכרות עם תוכנות גרפיות (כגון Canva/Adobe) – יתרון משמעותי, זמינות למשרה מלאה- חובה, ניידות- חובה.",taasuka
"פקיד/ת הנח""ש",,,,https://www.taasuka.gov.il/he/Applicants/jobdetails?jobid=3c445410-82b5-45bb-bbeb-2bb3e637d318,,,": פקיד/ת משרד בעל/ת רקע בהנח""ש משרה מלאה 08.00-16.00 5 ימי עבודה : ניסיון בעבודה משרדית/הנח""ש",taasuka
"מזכיר/ה מ""מ",,,,https://www.taasuka.gov.il/he/Applicants/jobdetails?jobid=abb0b085-f978-4e36-a102-376b869606b4,,,": מזכיר/ה מ""מ חל""ד קביעת פגישות, ביצוע הזמנות רכש, עבודה מול ספקים והשתתפות בישיבות מחלקתיות. מעקב אחר תוכניות עבודה. קו""ח במייל בלבד : ניסיון בתפקיד דומה - חובה, שליטה במלאה בתוכנת האופיס - חובה!! כולל אאוטלוק, אדיבות, שירותיות, יכולת ביצוע מספר משימות במקביל, אסרטיביות, עבודה מול ממשקים רבים בארגון, משרה מלאה",taasuka
טכנאי/ת מיזוג אוויר - אחזקה,,,,https://www.taasuka.gov.il/he/Applicants/jobdetails?jobid=9a4a7ae6-05b5-4ec3-8ffc-198f7ae84f39,,,": טיפול ותחזוקה בתחום המיזוג : השכלה: תעודה של הנדסאי או טכנאי מיזוג אוויר מבית ספר מוכר על ידי המכון הממשלתי להכשרה טכנולוגיה ומדע. ניסיון של לפחות 4 שנים בעבודות אחזקה ושרות של מערכות מיזוג אויר מרכזיות שכללו מתקני קירור מים (צ'ילרים) שהספקן לפחות 400 טון קירור, אוורור, משאבות, חשמל ופיקוד וכדומה. ידע / מיומנויות מיוחדות (מערכות מחשב , שליטה בשפות וכד') טיפול ותחזוקה בתחום המיזוג הכוללות מערכות קירור, צ'ילרים, יט""אות, משאבות מים חמים\קרים, מדחסים וכו'., ראייה טכנית, ראש גדול, הגעה עצמית, אחריות ומסירות לתפקיד,תקשורת בינאישית",taasuka
מחסנאי/ת 1479,,,,https://www.taasuka.gov.il/he/Applicants/jobdetails?jobid=7625cef7-1825-4eef-8ea2-6aa934c3d47b,,,: פריקת והעמסת סחורה שינוע סחורה ליקוט סחורה : רישיון נהיגה - חובה רישיון מלגזה יתרון,taasuka
מלגזן/ית חבק,,,,https://www.taasuka.gov.il/he/Applicants/jobdetails?jobid=4ac5b6bd-afc9-48b2-8f73-6a4d793c4957,,,": מלגזן/ית היגש לחברה לייצור קרטון בקיסריה התפקיד כולל: הרמת מוצרים כמו גלילי נייר, קרטונים ועוד משרה מלאה במשמרות: בוקר- 7-15/17 צהריים - 15-23/1 לילה- 21/23-7 שכר יאמר בראיון העבודה : רישיון מלגזה - חובה, אחראיות, רצינות, יחסי אנוש טובים, רצון ונכונות לעבודה במשמרות",taasuka
פלנר/ית חומר גלם וקו ייצר  JB-680,,,,https://www.taasuka.gov.il/he/Applicants/jobdetails?jobid=c42f93a3-e2e6-45c4-a472-995e4b74a590,,,": לחברה מובילה בתחום הביוטכנולוגיה דרוש/ה פלנר/ית חומר גלם וקו ייצר – משרה זמנית לשנה . מס' משרה: JB-680 מחלקה: שרשרת אספקה דרישות: -נסיון בעבודת פלנר בחברות תעשיתיות יצרניות, הבנה בקווי ייצור וחומרי גלם. : -נסיון בעבודת פלנר בחברות תעשיתיות יצרניות, הבנה בקווי ייצור וחומרי גלם.",taasuka
טבח/ית,,,,https://www.taasuka.gov.il/he/Applicants/jobdetails?jobid=815b0e92-72e2-4e7b-95f4-a7e73f0ed4c8,,,": למטבח כשר למתחם אירוח בקיבוץ עין צורים דרוש/ה טבח/ית עם ניסיון מהתחום היקף משרה: משרת בוקר בלבד , א'-ה' ללא שישי 06:30-14:30/15:00 - יש גמישות בשעות דרישות: רקע במטבח חם, בישולים וטיגונים, מקצועיות ויחסי אנוש טובים ** יש איסוף ליד סניף יש חסד בקריית מלאכי ** : ניסיון במטבח- חובה הגעה עצמית",taasuka
מזכיר/ה,,,,https://www.taasuka.gov.il/he/Applicants/jobdetails?jobid=a9b56977-c871-49dd-be62-b8c8f2e69515,,,": דרוש/ה מזכיר/ה למשרד בעין צורים, בעל/ת רקע וניסיון בהנהלת חשבונות תיאור המשרה: עבודה בסביבה ממוחשבת, הוצאת חשבוניות וקבלות ללקוח, התאמות ספקים , הכנה למשכורות, נוכחות ועוד. היקף המשרה: משרה מלאה א'-ה' 08:00/08:30-14:30/15:00 דרישות: ניסיון בהנהלת חשבונות- חובה היכרות עם תוכנת ריווחית- חובה ניידות - חובה שכר- נקבע במעמד הריאיון : דרישות: ידע ורקע בהנהלת חשבונות- חובה היכרות עם תוכנת ריווחית- חובה ניידות - חובה",taasuka
עובד/ת למוקד שליטה ובקרה,,,,https://www.taasuka.gov.il/he/Applicants/jobdetails?jobid=d709ed7d-8a11-44cd-9429-47d5adb8691a,,,": עובד/ת למוקד שליטה ובקרה לפוליסיטי משמרות 24/7 למוקד. : נדרשת ניידות להגעה למכללה, נכונות למשרה מלאה במשמרות חובה כולל שישי/שבת 7:00-15:00 /15:00-23:00 / )23:00-7:00, ראש גדול, בעל כישוריים חברתיים, תעודת שרות גבוה, יכולת מעבר מבדקים ביטחוניים.",taasuka
רפרנט/ית תפעול ביטוח אלמנטרי,,,,https://www.taasuka.gov.il/he/Applicants/jobdetails?jobid=3b8d6e4d-34a1-49a9-8638-3a583cff7831,,,": לסוכנות ביטוח ותיקה בירושלים , דרוש/ה רפרנט/ית תפעול ביטוח אלמנטרי. התפקיד כולל טיפול בתיק סוכן פרטני, ביטוחי רכב ודירות. מענה ללקוחות הסוכנות. עבודה בשעות קבועות ללא משמרות. תנאים טובים למתאימים. עדיפות לבעלי ניסיון אך ניתן גם ללא. : יכולת ורצון למידה, הגדלת ראש, עמידה בתנאי לחץ.",taasuka
מנהל/ת מעון,,,,https://www.taasuka.gov.il/he/Applicants/jobdetails?jobid=4564b754-7c70-4bcc-82d7-1a6cd11afb8f,,,": לעמותת ""עלה מוריה"" - גדרה דרוש/ה מנהל/ת ליחידת ניהול במעון דיור לאנשים עם מוגבלויות תחומי אחריות: -ניהול והובלת צוות עובדים -אחריות כוללת על רווחת הדיירים ואיכות חייהם - -ניהול שוטף של פעילות היחידה -עבודה מול גורמי רווחה, פיקוח, משפחות וגורמים מקצועיים -הטמעת נהלים, בקרה ושיפור תהליכי עבודה -אחריות על תפקידי רוחב דרישות: -תואר ראשון – חובה -ניסיון קודם בניהול – חובה -ניסיון במסגרות דיור/טיפול – יתרון -ניסיון בעבודה עם אנשים עם צרכים מיוחדים – יתרון -יכולת הובלה, אחריות ויחסי אנוש מצוינים -זמינות לעבודה בשעות לא שגרתיות מיקום המשרה: גדרה : -תואר ראשון – חובה -ניסיון קודם בניהול – חובה -ניסיון במסגרות דיור/טיפול – יתרון -ניסיון בעבודה עם אנשים עם צרכים מיוחדים – יתרון -יכולת הובלה, אחריות ויחסי אנוש",taasuka
ראש/ת צוות,,,,https://www.taasuka.gov.il/he/Applicants/jobdetails?jobid=18f160bf-5215-4086-939a-137dd585df71,,,": מוקד חדש עבור אוכלוסיה חרידית ראש/ת צוות מוקד הדרכת עובדים עמידה ביעדים שעות 09.00 - 15.00 הכשרה ע""י מעסיק מוקד חדש בהר יונה ג' . : ניסיון ניהולי בשרות לקוחות שרותי/ת . ידע בתוכנת האופיס",taasuka
טבחים/יות,,,,https://www.taasuka.gov.il/he/Applicants/jobdetails?jobid=8278427e-ee01-4985-89f0-722acfb72172,,,": לרשת מסעדות בפ""ת טבחים/יות.חובה בעלי/ות תעודה או ניסיון. עבודת משמרות. יש לתאם מראש : חובה בעלי/ות תעודה או ניסיון בעבודה כטבחים/יות",taasuka
עובד/ת כללי/ית,,,,https://www.taasuka.gov.il/he/Applicants/jobdetails?jobid=7ca21fe3-385a-4827-bb42-1e4a114d443b,,,": לעסק בתחום החשמל ומיזוג אוויר דרוש/ה עובד /ת כללי/ת לסידור סחורה ,משלוחים ועבודות מחסן שונות - כולל עבודה חלקית על מחשב. : רצינות וחריצות -- מוכנות להתחלה מיידית !!",taasuka
נציג/ת שירות רשות האוכלוסין,,,,https://www.taasuka.gov.il/he/Applicants/jobdetails?jobid=9407ca75-b155-46a8-b1b6-0a9ca06be8d9,,,": נציג/ת שירות רשות האוכלוסין ! תיאור התפקיד: - מוקד הנותן מענה בשירותי מידע כללי וזימון תורים, - גורם מרכזי המספק מידע של שירותי גופי הרשות, - הכוונה לפונים, סיוע בקבלת מידע אישי וביצוע פעולות בסיסיות נוספות **שעות פעילות המוקד: ימים א'-ה', בשעות 8:00-17:00 יום אחד בשבוע 10:00-18:00 ***קיימת אופציה למשרת הורה 08:00-15:30/16:00 : * 12 שנות לימוד (לא חובה בגרות מלאה) * יכולת תפעול מערכות מחשב * מענה בשפות: עברית, ערבית, רוסית, אנגלית, צרפתית ואמהרית. * זמינות להדרכה: 3 ימי הכשרה עיוניים + 3 ימי הכשרה מעשיים. נדרשת נוכחות מלאה בכל ימי ההכשרה.משעה 08:00-16:00",taasuka
עובד/ת אספקה סטרילית,,,,https://www.taasuka.gov.il/he/Applicants/jobdetails?jobid=95ace9e7-5f26-44e8-836d-0c78b3b25269,,,": עובד/ת אספקה סטרילית למרכז הרפואי שמיר תיאור התפקיד: ביצוע עבודות חיטוי, עיקור, ליקוט ומשלוח של ציוד סטרילי במסגרת המערך לעיקור ואספקה סטרילית במרכז הרפואי, בהתאם להוראות, לנהלים ולהנחיות הממונה. : דרישות המשרה: רצויה השכלה תיכונית רצוי ניסיון בעיקור וסטריליזציה",taasuka
נציג/ת שירות למוקד הגביה,,,,https://www.taasuka.gov.il/he/Applicants/jobdetails?jobid=dce96938-a174-4fed-bce9-3f6e05ca3036,,,": נציג/ת שירות למוקד הגביה - מתן שירות לתושבי העיר בכל הקשור לטיפול בחשבונות ארנונה, חובות חניה ואגרות שונות, תוך ביצוע פעולות גבייה, שומה ואכיפה, ע""פי פקודות העיריות, החלטות מועצת העירייה, הוראות משרד הפנים, נהלי העירייה והנחיות ממונה. טיפול בפניות טלפוניות של התושבים בכל הקשור לחשבונות ארנונה, חובות חניה ואגרות שנות. מתן הסברים על היווצרותם של החובות, על אפשרויות התשלום, על נהלים ותהליכים במערכת השומה והגבייה. גביית כספים כולל ניהול קופה אישית, ביצוע עסקאות בכרטיסי אשראי, הפקת שוברי תשלום, ביצוע חישובי אגרות, הפרשי הצמדה, ריבית ותשלומים חלקיים, בהתאם לנהלים ולהנחיות הממונה. קו""ח במייל בלבד : ניסיון במתן שירות. ידע בעבודה על מחשב, עברית על בוריה. רצויה ידיעת שפות נוספות. שירותיות. זמינות לעבודה בימים א' - ה' משעה 7:30 עד 16:00 , 7:30 עד 18:00 .",taasuka
קופאי/ת,,,,https://www.taasuka.gov.il/he/Applicants/jobdetails?jobid=a6e87726-c029-46e6-8536-2884b76f7ffd,,,": אחריות על קבלת תשלומים, מתן שירות לקוחות והפעלת עמדת המכירה. : אמינות, מסירות, אחראיות, ויכולת עבודה בסביבה דינמית, נכונות לעבודה במשמרות, כולל בקרים, ערבים וסופי שבוע.",taasuka
סדרן/ית סחורה,,,,https://www.taasuka.gov.il/he/Applicants/jobdetails?jobid=517ce909-876c-451f-b381-d206f54471af,,,": אחריות על קבלת סחורה, סידורה על המדפים, קידוד ותמחור,שירות לקוחות. : חריצות, אחריות, סדר וארגון, יחסי אנוש טובים ויכולת עבודה בצוות, נכונות לעבודה במשמרות כולל שישי לסירוגין.",taasuka
עובד/ת ניקיון,,,,https://www.taasuka.gov.il/he/Applicants/jobdetails?jobid=dc5a1ae7-67f9-4897-bec9-7250345d6404,,,": עובד/ת ניקיון לחברה מובילה בקיסריה התפקיד כולל: ניקיון משרדים , ריקון פחים ועוד משרה מלאה: א-ה 7-16 שכר יאמר בראיון העבודה : אין צורך בניסיון קודם, אחראיות, רצינות, דייקנות, יחסי אנוש טובים",taasuka
נציג/ת שירות,,,,https://www.taasuka.gov.il/he/Applicants/jobdetails?jobid=f5fb9611-5e83-4925-b9fa-7bc62c35b474,,,": נציג/ת שירות טלפוני במוקד ,שירות לקוחות בשיחות נכנסות של משתמשי התחבורה הציבורית קורס עתיד להיפתח ב18.2 : זמינות , נכונות , ניסיון יתרון לא חובה",taasuka
מנהלת חשבונות/משרד,,,,https://www.taasuka.gov.il/he/Applicants/jobdetails?jobid=f227558a-3e50-438f-b370-09325ae4234a,,,: למשרד יועצי מס דרושה מנהלת חשבונות עם נסיו/ בלי נסיון ראש גדול יחסי אנוש מעולים עדיפות ניסיון הכרת תוכנות טמל וחשבשבת : בעלת יכולת למידה יחסי אנוש מעולים,taasuka
מטפל/ת בקשישה,,,,https://www.taasuka.gov.il/he/Applicants/jobdetails?jobid=fd7f9a62-d5ff-4db2-a444-9a9532aaf3c1,,,": דרוש/ה מטפל/ת בקשישה משרה חלקית מ-08:00-11:00, הקשישה .הגעה עצמית : מטפל/ת בקשישים דוברת רוסית בעל/ת סבלנות וסובלנות ויחסי אנוש טובים.",taasuka
נהג/ת משאית עד 12 טון לחלוקת סחורה,,,,https://www.taasuka.gov.il/he/Applicants/jobdetails?jobid=308b8c91-dc89-48aa-9ed8-b1c5cda729ee,,,": משרה חיונית : נהג/ת משאית עד 12 טון - עסק שמשווק מוצרי מזון , פיצוחים , יינות וכו' לחלוקת סחורה ללקוחות , 5 ימים בשבוע , שעות עבודה משעה 7:30-עד לסיום חלוקת קו . יש לשלוח קורות חיים - עבודה מידית : ניסיון - חובה דייקנות ומוסר העבודה , אחריות , שירותיות ורצינות",taasuka
עובד/ת יצור,,,,https://www.taasuka.gov.il/he/Applicants/jobdetails?jobid=042c03b2-fb7f-4c98-ab52-01ec829aa169,,,": עובד/ת יצור למפעל באזור קרית שמונה, משרה מלאה, העבודה במשמרת בוקר, קיימת הסעה מקרית שמונה. : חוש טכני חובה, יחסי אנוש טובים, לטווח ארוך",taasuka
מפעיל/ה מכונת חיתוך לייזר,,,,https://www.taasuka.gov.il/he/Applicants/jobdetails?jobid=f1b8e537-0ca2-47eb-9540-c84fa7c02f4a,,,": למפעל ביטחוני המתמחה בפתרונות מיגון רכבים לתעשייה האזרחית והביטחונית, דרוש\ה מפעיל/ת מכונת חיתוך לייזר : ניסיון בהפעלת מכונות חיתוך לייזר, יכולת וניסיון בקריאת שרטוטים טכניים ,היכרות עם מתכות וחומרי גלם שונים, השכלה טכנית \ הנדסאי מכונות - יתרון, הגעה עצמית לפארק תעשיות דלתון",taasuka
מתאמ/ת רכש,,,,https://www.taasuka.gov.il/he/Applicants/jobdetails?jobid=d9b0bd6b-1e6c-464a-9bff-2d4deb947860,,,": למפעל אלקטרוניקה בכרמיאל, דרוש/ה מתאמ/ת רכש למשרה מלאה תיאור התפקיד: ביצוע מעקב הזמנות רכש, קידום/דחיית החו""ג בהתאם לתחזיות החברה, פתרון בעיות חוסרים של חו""ג, עבודה מול ספקי החברה לצורך תיאום ווידוא אספקות, עדכון מערכת הפריוריטי בהתאם. : נכונות למשרה מלאה. תואר ראשון - יתרון משמעותי. ניסיון בתפקיד דומה בחברה גדולה - יתרון משמעותי. ניסיון בעבודה עם מערכת ERP חובה. הכרות טובה עם תוכנות office. רמה גבוהה של קריאה וכתיבה בעברית. רמה טובה של קריאה וכתיבה באנגלית.",taasuka
מבקר/ת איכות,,,,https://www.taasuka.gov.il/he/Applicants/jobdetails?jobid=c0edbec4-0462-4d98-8031-1c4fd295dd95,,,: דרוש/ה מבקר/ת איכות למפעל משפחתי באזור צפת : ידע ב asap,taasuka
סוקר/ת,,,,https://www.taasuka.gov.il/he/Applicants/jobdetails?jobid=ee870dad-21c4-4751-96a0-f9635da0e90d,,,": סוקר/ת - לביצוע סקר סטאטוס מערכות סולאריות פעילות. פיקוח על 30 אתרים באזור בנימין עם מערכות סולאריות שצריך לעבור בהם ולהכין דוח סקר. קו""ח במייל בלבד : רקע טכני. ההכשרה תכלול:. קורס קצר בעבודה בגובה. חפיפה עם מהנדס חשמל ותיק בתחום. משרה מלאה . רכב ו60 ש""ח לשעה",taasuka
מנהל/ת חשבונות סוג 3,,,,https://www.taasuka.gov.il/he/Applicants/jobdetails?jobid=77b5b887-1e9c-4e1d-9b4f-b34bef12ebb4,,,": ניהול חשבונות שוטף עד מאזן, התאמות בנקים, התאמות כרטיסי אשראי, עבודה מול ספקים. : תעודת הנה""ח סוג 3- חובה, 3 שנות ניסיון לפחות בתחום, ניסיון בתחום הקמעונאות/ספקים - יתרון משמעותי, ניסיון עם מערכת פריוריטי - חובה,ידע באקסל, סדר וארגון, יכולת עבודה עצמאית, דיוק וראש גדול.",taasuka
SAP MANAGER,,,,https://www.taasuka.gov.il/he/Applicants/jobdetails?jobid=d0d496c2-93ef-48d3-9695-88de024597e5,,,: SAP MANAGER : SAP MANAGER,taasuka
מבקר/ת איכות QC,,,,https://www.taasuka.gov.il/he/Applicants/jobdetails?jobid=def840c6-3b72-422a-a041-b1c6b42adba4,,,": מבקר/ת איכות QC לחברה העוסקת בתעשיה בקיסריה התפקיד כולל: ביקורת QC לסחורה בקבלה, ביקורת QA בתהליכי היצור, ביקורת QC למוצר סופי, הכנת דוחות ביקורות, ליווי קווי ייצור בתהליך. משרה מלאה: א-ה שעות ייקבעו בתיאום מול מעסיקה מוכר גם כעבודה מועדפת. שכר יאמר בראיון העבודה : מהנדס/ת מכונות /תעשייה וניהול /הנדסאי /ת - יתרון, יכולת /ניסיון בקריאת שרטוטים טכניים, ניסיון קודם במכונות מדידה (OGP, קומפרטור) - יתרון, שליטה ב- SAPB1 - יתרון. אחראיות, רצינות, אמינות, יחסי אנוש טובים",taasuka
מפתח/ת תוכנה,,,,https://www.taasuka.gov.il/he/Applicants/jobdetails?jobid=07841d75-e929-4aa9-a88f-7330312cd84a,,,": לחברה מובילה בתחום המערכות אלקטרוניות דרוש/ה מתכנת/ת #C להשתלבות בצוות פיתוח מקצועי. : – ניסיון בפיתוח #C מינימום כשנתיים – ניסיון בעבודה עם DOCKER, K8s, rabbit, KAFKA – יתרון – ניסיון בעבודה עם פרויקטים מורכבים (קוד משרה: מ1)",taasuka
חשב/ת שכר,,,,https://www.taasuka.gov.il/he/Applicants/jobdetails?jobid=62d54330-c266-4c37-9636-25be79becf80,,,": עבודה כחלק מצוות חשבי/ות שכר, טיפול בכל היבטי השכר הקשורים למחזור חיי העובדים, חישוב פיצויים, טופס 161 וסגירת תיקים. : תעודת מקצוע חשב/ת שכר בתוקף-חובה, ניסיון כחשב/ת שכר בארגון גדול (הכנת תלושים בין 350-500 לפחות) חובה, ניסיון בתוכנת שיקלולית ופריוריטי חובה, נכונות למשרה מלאה (קיימת גמישות) ושעות נוספות על פי צורך בעת הכנת משכורות, אסרטיביות, ראש גדול.",taasuka
מחסנאי/ת,,,,https://www.taasuka.gov.il/he/Applicants/jobdetails?jobid=1ae5ccb4-b396-4b97-b61e-567441a422b2,,,": מחסנאי/ת לחברה הנותנת שירותים וטרינריים לחיות משק בקיסריה התפקיד כולל: ליקוט סחורה וסידור סחורה של תרופות ועוד משרה מלאה: א-ה 7:30-16 שכר יאמר בראיון העבודה : רישון ג' - יתרון, עברית ברמת קרוא וכתוב - חובה, אנגלית ברמה בסיסית - חובה אחריות, דייקנות, מסירות, מחוייבות , יחסי אנוש טובים",taasuka
עובד/ת ייצור,,,,https://www.taasuka.gov.il/he/Applicants/jobdetails?jobid=af7cf5be-4933-4e2c-a227-13a5012bf706,,,": עובד/ת ייצור למפעל לייצור משקאות ממותקים וקפואים. העבודה במשרה מלאה בימים א'-ה' מ 07:00-17:00, ו' 07:00-13:00 (אופציה למשמרות בהמשך). העבודה מתאימה גם לחיילים/ות משוחררים/ות וכמשרה זמנית. : זמינות לעבודה במשרה מלאה כולל עבודה בימי שישי-חובה. אחריות ורצון לעבוד-חובה.",taasuka
מפעיל/ת קו ייצור,,,,https://www.taasuka.gov.il/he/Applicants/jobdetails?jobid=d2b6a90e-8b37-4e3f-bd61-8d30ce86b7b1,,,": מפעיל/ת קו ייצור למפעל לייצור משקאות ממותקים וקפואים במפרץ חיפה. אחריות על קו הייצור, צוות הקו, אספקת חומר הגלם (קרטונים וכיו""ב), טיב המוצר ועוד. העבודה במשרה מלאה א'-ה' 06:30-17:00, ו' 06:30-13:00. : רקע טכני-חובה. זמינות לעבודה במשרה מלאה כולל עבודה בימי שישי--חובה. ניסיון של לפחות 3 שנים לפחות בעבודה במפעל-חובה. אחריות, רצינות, ראש גדול-חובה!",taasuka
מפעילי מכונה/עובדי ייצור,,,,https://www.taasuka.gov.il/he/Applicants/jobdetails?jobid=321faa43-17f5-4018-b805-d7f69f820762,,,": מפעילי/ות מכונה למערך הייצור אם יש לכם רקע טכני, ניסיון בהפעלת מכונות או השכלה כטכנאים/הנדסאים – מקומכם איתנו! עבודה כחלק ממערך ייצור מתקדם. מגוון תפקידים בתחומי ההרכבות, האריזה והפעלת מכונות. סביבת עבודה נקייה, סטרילית ונעימה. מסלול הכשרה מקצועי והזדמנות להתפתח בארגון מוביל בתחום התרופות. דרישות: רקע טכני / ניסיון קודם בהפעלת מכונות. נכונות לעבודה במשמרות עברית ברמה טובה תנאים טובים למתאימים/ות. שכר 10,000 ש""ח והוא נע בין 8500-11000 ). בנוסף: תנאים פנסיונים מלאים, קרן השתלמות, תן ביס, מתנות חג, ביטוח בריאות ועוד. : מפעילי/ות מכונה למערך הייצור אם יש לכם רקע טכני, ניסיון בהפעלת מכונות או השכלה כטכנאים/הנדסאים – מקומכם איתנו! עבודה כחלק ממערך ייצור מתקדם. מגוון תפקידים בתחומי ההרכבות, האריזה והפעלת מכונות. סביבת עבודה נקייה, סטרילית ונעימה. מסלול הכשרה מקצועי והזדמנות להתפתח בארגון מוביל בתחום התרופות. דרישות: רקע טכני / ניסיון קודם בהפעלת מכונות. נכונות לעבודה במשמרות . עברית ברמה טובה תנאים טובים למתאימים/ות.",taasuka
חרט/ת-כרסם/ת קונבנציונלי/ת / CNC,,,,https://www.taasuka.gov.il/he/Applicants/jobdetails?jobid=13065d8e-aeb4-4a34-a570-22eaada3f109,,,": חרט/ת-כרסם/ת קונבנציונלי/ת / CNC לבית מלאכה לעיבוד שבבי ושיפוץ מנועים. משרה מלאה א'-ה' 7:00-16:00 + שעות נוספות לפי הצורך, ו'-אופציונלי לעבודה כשעות נוספות. : רקע וניסיון כחרט/ת-כרסם/ת קונבנציונלי/ת / CNC-חובה. ניסיון בקריאת שרטוטים- חובה.",taasuka
מחסנאי/ת אביזרים,,,,https://www.taasuka.gov.il/he/Applicants/jobdetails?jobid=f31f347a-f6c1-4ca0-9a37-1bdc43344de3,,,": מחסנאי/ת אביזרים למפעל עבודה במשמרת בוקר/ צהריים עבודה בשישי ללא שבתות : נכונות לעבודה במשמרות , רישיון מלגזה -חובה",taasuka
עובד/ת ייצור ואריזה,,,,https://www.taasuka.gov.il/he/Applicants/jobdetails?jobid=62b622d3-943a-4958-8b50-7888f690f147,,,": עובד/ת ייצור ואריזה לייצור ושיווק דברי מאפה באור עקיבא התפקיד כולל: עבודה על מכונות הייצור, עבודות אריזה ועוד משרה מלאה: א-ה 8-17 קיימת גמישות בשעות בתיאום מול מעסיק שכר יאמר בראיון העבודה : אין צורך בניסיון קודם, רצון ונכונות לעבודה בעמידה ממושכת, יחסי אנוש טובים, אחראיות, רצינות",taasuka
עובד/ת יצור,,,,https://www.taasuka.gov.il/he/Applicants/jobdetails?jobid=6ee4b39e-deca-4952-a868-49fb87f6b560,,,": עובד/ת יצור אפשרות 1: משמרת בוקר של 12 שעות ללא שישי שבת אפשרות 2: משמרות של שבוע בוקר שבוע צהריים שבוע לילה כולל סופש""ים עם יום אחד חופש קבוע אפשרות עבודה לסטודנטים במשרה מתאימה לפי המערכת שעות שלהם מערך הסעות נרחב מטבריה , כפר כמא, שיבלי, מע'ר, עמק הירדן : מתאים גם לסטודנט/ית , נכונות לעבודה במשמרות או משמרת בוקר ארוכה כולל סופשים ( 12 שעות)",taasuka
עובד/ת ייצור ואריזה,,,,https://www.taasuka.gov.il/he/Applicants/jobdetails?jobid=deb4f340-60a8-42f9-82d6-1742fc00ade3,,,": דרוש/ה עובד/ת ייצור ואריזה לעבודה במפעל טופו קטן ומשפחתי 4 ימי עבדה בשבוע תחילת עבודה 05:00/06:00 שכר טוב למתאימים בונוסים שווים לעובדים שנשארים לאורך זמן : אנשים שמתחברים לעבודת צוות, אחריות, זריזות, חיוך ורצון טוב",taasuka
מנהל/ת חשבונות סוג 2,,,,https://www.taasuka.gov.il/he/Applicants/jobdetails?jobid=3d819231-aed6-41b9-8f1f-51d4fbe386ab,,,: מנהל/ת חשבונות סוג 2 למפעל לעבודה במשרה מלאה : נכונות לעבודה במשרה מלאה בלבד ניסיון בתחום -יתרון משמעותי,taasuka
טכנאי/ת מחשבים,,,,https://www.taasuka.gov.il/he/Applicants/jobdetails?jobid=fe35903c-dc6d-40bd-bbda-558ea05132ee,,,": דרוש/ה טכנאי/ת מחשבים לחברה שנותנת שרותי מיחושב לחברות ועסקים. התפקיד כולל- קבלת מחשב לתיקון - גם חומרה וגם חיבור מרחוק. העבדוה במעבדה בטירת כרמל. משרה חלקית, כחצי משרה, ימי א'- ה' , 10:00-15:00 (גמיש). : בעל/ת ניסיון קודם כטכנאי/ת מחשבים- חובה. זמינות למשרה חלקית. אמינות.",taasuka
סוכנ/ת מכירות,,,,https://www.taasuka.gov.il/he/Applicants/jobdetails?jobid=4e48f906-d357-480a-ae71-f076a1bebf8e,,,": ניהול תהליכי מכירה מלאים מול לקוחות סיטונאיים בחברה, שימור והגדלת פעילות לקוחות קיימים,עבודה שוטפת מול ממשקים פנימיים - תפעול, שירות לקוחות. משרת מלאה, שכר בסיס גבוה + עמלות גבוהות + רכב צמוד מהיום הראשון,מטה החברה נמצא במודיעין, נדרשת משרת שטח. : ניסיון בתפקיד קודם של שנה לפחות - חובה, ניסיון קודם מתחום המזון - חובה, יכולות ניהול מו״מ ברמה גבוהה, ויכולת סגירת עסקאות - יתרון,יכולת הנעה עצמית, רישיון נהיגה B- חובה.",taasuka
מאבטח/ת,,,,https://www.taasuka.gov.il/he/Applicants/jobdetails?jobid=e1486865-678b-4891-8eab-6b93a6abc373,,,": מאבטח/ת - אבטחת משרדי ממשלה : רובאי 02 ומעלה , שירות צבאי מלא, או קורס מתקדם ב' - תעודת לוחם/ת / רובאי 05 ומעלה. זמינות לעבודה במשמרות 24/7 - 5 משמרות בשבוע חובה.",taasuka
איש/ת אחזקה,,,,https://www.taasuka.gov.il/he/Applicants/jobdetails?jobid=d4b42b0c-5561-487b-bbfb-7acfc9186f6e,,,": איש/ת אחזקה לקיבוץ עין שמר התפקיד כולל: עבודות גבס, צבע, תיקונים, עזרה לצוות העובדים, עבודות כלליות, רישום דו""ח עבודה והגשתו לממונה ועוד. משרה מלאה: א-ה 7-15:30 ימי ו' 7-12 לסירוגין שכר יאמר בראיון העבודה : אין צורך בניסיון קודם -ההכשרה תינתן ע""י מעסיק, ידע טכני - רצוי, רצון ונכונות ללמוד ולהתפתח אחראיות, רצינות, נכונות עבודה לטווח ארוך, אמינות, ראש גדול, יחסי אנוש טובים ניידות - הגעה עצמאית",taasuka
נציג/ת הזמנות,,,,https://www.taasuka.gov.il/he/Applicants/jobdetails?jobid=d7f925c1-b6c1-4b09-9b10-2001b779591b,,,": נציג/ת הזמנות במלון דניאל בהרצליה. העבודה במוקד ההזמנות של המלון וכולל מענה טלפוני לשיחות נכנסות. עבודה בשעות : 0830/0900 - 1730/1800, שישי לסירוגין. ללא עבודה בשבת. ראש גדול, רצינות, תודעת שירות. שכר 38 ש""ח לשעה+תמריצים : עבודה בשעות : 0830/0900 - 1730/1800, שישי לסירוגין. ראש גדול, רצינות, תודעת שירות. 38 ש""ח לש""ע + תמריצים.",taasuka
עובדי/ות ניקיון,,,,https://www.taasuka.gov.il/he/Applicants/jobdetails?jobid=9e42a011-72d7-4f61-b504-489067648219,,,": לאתר בפ""ת עובד/ת ניקיון למשמרת בוקר יש לתאם מראש : הגעה למקום העבודה כפי שמתבקש,",taasuka
מאבטח/ת,,,,https://www.taasuka.gov.il/he/Applicants/jobdetails?jobid=20ba0c4e-6606-48b1-a69f-8cde41222387,,,": מאבטח/ת - אבטחת מתחמי הסיפרייה הלאומית : רובאי 03 ומעלה , שירות צבאי מלא, או קורס מתקדם ב' - תעודת לוחם/ת / רובאי 05 ומעלה. זמינות לעבודה במשמרות.",taasuka
מפעיל/ת מכונה,,,,https://www.taasuka.gov.il/he/Applicants/jobdetails?jobid=990d0a5c-1a73-4b96-924c-6da38afd630c,,,": הפעלת מכונות בתעשיה עבודה במשמרות א-ה 5 ימי עבודה ימי עבודה שישי לסרוגין 07:00-16:00 אפשרות לשעות נוספות עד 19:00 : ניסיון בתעשיה -יתרון , רקע טכני נכונות לעבודה במשמרות",taasuka
